The U.S. Department of State Data Use Statement at http://: applies to these and all data available from the Ulaanbaatar Mongolia air quality monitoring program.,,,,,,,,,,
Ulaanbaatar Air Quality Monitoring program January-2017,,,,,,,,,,
Site,Parameter,Date (LST),Year,Month,Day,Hour,Value,Unit,AQI,Duration
Ulaanbaatar,PM2.5,1/1/17 0:00,2017,1,1,0,0.174,mg/m³,224,1 Hr
Ulaanbaatar,PM2.5,1/1/17 1:00,2017,1,1,1,0.128,mg/m³,188,1 Hr
Ulaanbaatar,PM2.5,1/1/17 2:00,2017,1,1,2,0.106,mg/m³,177,1 Hr
Ulaanbaatar,PM2.5,1/1/17 3:00,2017,1,1,3,0.069,mg/m³,158,1 Hr
Ulaanbaatar,PM2.5,1/1/17 4:00,2017,1,1,4,0.041,mg/m³,115,1 Hr
Ulaanbaatar,PM2.5,1/1/17 5:00,2017,1,1,5,0.039,mg/m³,110,1 Hr
Ulaanbaatar,PM2.5,1/1/17 6:00,2017,1,1,6,0.027,mg/m³,82,1 Hr
Ulaanbaatar,PM2.5,1/1/17 7:00,2017,1,1,7,0.017,mg/m³,61,1 Hr
Ulaanbaatar,PM2.5,1/1/17 8:00,2017,1,1,8,0.018,mg/m³,63,1 Hr
Ulaanbaatar,PM2.5,1/1/17 9:00,2017,1,1,9,0.024,mg/m³,76,1 Hr
Ulaanbaatar,PM2.5,1/1/17 10:00,2017,1,1,10,0.028,mg/m³,84,1 Hr
Ulaanbaatar,PM2.5,1/1/17 11:00,2017,1,1,11,0.041,mg/m³,115,1 Hr
Ulaanbaatar,PM2.5,1/1/17 12:00,2017,1,1,12,0.055,mg/m³,149,1 Hr
Ulaanbaatar,PM2.5,1/1/17 13:00,2017,1,1,13,0.057,mg/m³,152,1 Hr
Ulaanbaatar,PM2.5,1/1/17 14:00,2017,1,1,14,0.034,mg/m³,97,1 Hr
Ulaanbaatar,PM2.5,1/1/17 15:00,2017,1,1,15,0.022,mg/m³,72,1 Hr
Ulaanbaatar,PM2.5,1/1/17 16:00,2017,1,1,16,0.013,mg/m³,53,1 Hr
Ulaanbaatar,PM2.5,1/1/17 17:00,2017,1,1,17,0.023,mg/m³,74,1 Hr
Ulaanbaatar,PM2.5,1/1/17 18:00,2017,1,1,18,0.07,mg/m³,158,1 Hr
Ulaanbaatar,PM2.5,1/1/17 19:00,2017,1,1,19,0.042,mg/m³,117,1 Hr
Ulaanbaatar,PM2.5,1/1/17 20:00,2017,1,1,20,0.095,mg/m³,171,1 Hr
Ulaanbaatar,PM2.5,1/1/17 21:00,2017,1,1,21,0.297,mg/m³,338,1 Hr
Ulaanbaatar,PM2.5,1/1/17 22:00,2017,1,1,22,0.354,mg/m³,384,1 Hr
Ulaanbaatar,PM2.5,1/1/17 23:00,2017,1,1,23,0.258,mg/m³,307,1 Hr
Ulaanbaatar,PM2.5,1/2/17 0:00,2017,1,2,0,0.275,mg/m³,321,1 Hr
Ulaanbaatar,PM2.5,1/2/17 1:00,2017,1,2,1,0.389,mg/m³,411,1 Hr
Ulaanbaatar,PM2.5,1/2/17 2:00,2017,1,2,2,0.42,mg/m³,436,1 Hr
Ulaanbaatar,PM2.5,1/2/17 3:00,2017,1,2,3,0.363,mg/m³,391,1 Hr
Ulaanbaatar,PM2.5,1/2/17 4:00,2017,1,2,4,0.233,mg/m³,283,1 Hr
Ulaanbaatar,PM2.5,1/2/17 5:00,2017,1,2,5,0.193,mg/m³,243,1 Hr
Ulaanbaatar,PM2.5,1/2/17 6:00,2017,1,2,6,0.248,mg/m³,298,1 Hr
Ulaanbaatar,PM2.5,1/2/17 7:00,2017,1,2,7,0.235,mg/m³,285,1 Hr
Ulaanbaatar,PM2.5,1/2/17 8:00,2017,1,2,8,0.35,mg/m³,380,1 Hr
Ulaanbaatar,PM2.5,1/2/17 9:00,2017,1,2,9,,mg/m³,,1 Hr
Ulaanbaatar,PM2.5,1/2/17 10:00,2017,1,2,10,,mg/m³,,1 Hr
Ulaanbaatar,PM2.5,1/2/17 11:00,2017,1,2,11,,mg/m³,,1 Hr
Ulaanbaatar,PM2.5,1/2/17 12:00,2017,1,2,12,0.066,mg/m³,156,1 Hr
Ulaanbaatar,PM2.5,1/2/17 13:00,2017,1,2,13,0.093,mg/m³,170,1 Hr
Ulaanbaatar,PM2.5,1/2/17 14:00,2017,1,2,14,0.053,mg/m³,144,1 Hr
Ulaanbaatar,PM2.5,1/2/17 15:00,2017,1,2,15,0.069,mg/m³,158,1 Hr
Ulaanbaatar,PM2.5,1/2/17 16:00,2017,1,2,16,0.114,mg/m³,181,1 Hr
Ulaanbaatar,PM2.5,1/2/17 17:00,2017,1,2,17,0.094,mg/m³,171,1 Hr
Ulaanbaatar,PM2.5,1/2/17 18:00,2017,1,2,18,0.103,mg/m³,176,1 Hr
Ulaanbaatar,PM2.5,1/2/17 19:00,2017,1,2,19,,mg/m³,,1 Hr
Ulaanbaatar,PM2.5,1/2/17 20:00,2017,1,2,20,,mg/m³,,1 Hr
Ulaanbaatar,PM2.5,1/2/17 21:00,2017,1,2,21,,mg/m³,,1 Hr
Ulaanbaatar,PM2.5,1/2/17 22:00,2017,1,2,22,,mg/m³,,1 Hr
Ulaanbaatar,PM2.5,1/2/17 23:00,2017,1,2,23,0.363,mg/m³,391,1 Hr
Ulaanbaatar,PM2.5,1/3/17 0:00,2017,1,3,0,,mg/m³,,1 Hr
Ulaanbaatar,PM2.5,1/3/17 1:00,2017,1,3,1,,mg/m³,,1 Hr
Ulaanbaatar,PM2.5,1/3/17 2:00,2017,1,3,2,,mg/m³,,1 Hr
Ulaanbaatar,PM2.5,1/3/17 3:00,2017,1,3,3,,mg/m³,,1 Hr
Ulaanbaatar,PM2.5,1/3/17 4:00,2017,1,3,4,,mg/m³,,1 Hr
Ulaanbaatar,PM2.5,1/3/17 5:00,2017,1,3,5,0.239,mg/m³,289,1 Hr
Ulaanbaatar,PM2.5,1/3/17 6:00,2017,1,3,6,0.16,mg/m³,210,1 Hr
Ulaanbaatar,PM2.5,1/3/17 7:00,2017,1,3,7,0.197,mg/m³,247,1 Hr
Ulaanbaatar,PM2.5,1/3/17 8:00,2017,1,3,8,0.202,mg/m³,252,1 Hr
Ulaanbaatar,PM2.5,1/3/17 9:00,2017,1,3,9,0.313,mg/m³,351,1 Hr
Ulaanbaatar,PM2.5,1/3/17 10:00,2017,1,3,10,,mg/m³,,1 Hr
Ulaanbaatar,PM2.5,1/3/17 11:00,2017,1,3,11,,mg/m³,,1 Hr
Ulaanbaatar,PM2.5,1/3/17 12:00,2017,1,3,12,,mg/m³,,1 Hr
Ulaanbaatar,PM2.5,1/3/17 13:00,2017,1,3,13,,mg/m³,,1 Hr
Ulaanbaatar,PM2.5,1/3/17 14:00,2017,1,3,14,0.19,mg/m³,240,1 Hr
Ulaanbaatar,PM2.5,1/3/17 15:00,2017,1,3,15,0.123,mg/m³,186,1 Hr
Ulaanbaatar,PM2.5,1/3/17 16:00,2017,1,3,16,0.158,mg/m³,208,1 Hr
Ulaanbaatar,PM2.5,1/3/17 17:00,2017,1,3,17,0.156,mg/m³,206,1 Hr
Ulaanbaatar,PM2.5,1/3/17 18:00,2017,1,3,18,0.19,mg/m³,240,1 Hr
Ulaanbaatar,PM2.5,1/3/17 19:00,2017,1,3,19,0.239,mg/m³,289,1 Hr
Ulaanbaatar,PM2.5,1/3/17 20:00,2017,1,3,20,,mg/m³,,1 Hr
Ulaanbaatar,PM2.5,1/3/17 21:00,2017,1,3,21,,mg/m³,,1 Hr
Ulaanbaatar,PM2.5,1/3/17 22:00,2017,1,3,22,,mg/m³,,1 Hr
Ulaanbaatar,PM2.5,1/3/17 23:00,2017,1,3,23,,mg/m³,,1 Hr
Ulaanbaatar,PM2.5,1/4/17 0:00,2017,1,4,0,,mg/m³,,1 Hr
Ulaanbaatar,PM2.5,1/4/17 1:00,2017,1,4,1,,mg/m³,,1 Hr
Ulaanbaatar,PM2.5,1/4/17 2:00,2017,1,4,2,,mg/m³,,1 Hr
Ulaanbaatar,PM2.5,1/4/17 3:00,2017,1,4,3,,mg/m³,,1 Hr
Ulaanbaatar,PM2.5,1/4/17 4:00,2017,1,4,4,,mg/m³,,1 Hr
Ulaanbaatar,PM2.5,1/4/17 5:00,2017,1,4,5,0.416,mg/m³,433,1 Hr
Ulaanbaatar,PM2.5,1/4/17 6:00,2017,1,4,6,0.321,mg/m³,357,1 Hr
Ulaanbaatar,PM2.5,1/4/17 7:00,2017,1,4,7,0.443,mg/m³,455,1 Hr
Ulaanbaatar,PM2.5,1/4/17 8:00,2017,1,4,8,,mg/m³,,1 Hr
Ulaanbaatar,PM2.5,1/4/17 9:00,2017,1,4,9,,mg/m³,,1 Hr
Ulaanbaatar,PM2.5,1/4/17 10:00,2017,1,4,10,,mg/m³,,1 Hr
Ulaanbaatar,PM2.5,1/4/17 11:00,2017,1,4,11,,mg/m³,,1 Hr
Ulaanbaatar,PM2.5,1/4/17 12:00,2017,1,4,12,0.265,mg/m³,313,1 Hr
Ulaanbaatar,PM2.5,1/4/17 13:00,2017,1,4,13,0.025,mg/m³,78,1 Hr
Ulaanbaatar,PM2.5,1/4/17 14:00,2017,1,4,14,0.018,mg/m³,63,1 Hr
Ulaanbaatar,PM2.5,1/4/17 17:00,2017,1,4,17,,mg/m³,,1 Hr
Ulaanbaatar,PM2.5,1/4/17 18:00,2017,1,4,18,0.044,mg/m³,122,1 Hr
Ulaanbaatar,PM2.5,1/4/17 19:00,2017,1,4,19,0.091,mg/m³,169,1 Hr
Ulaanbaatar,PM2.5,1/4/17 20:00,2017,1,4,20,0.107,mg/m³,178,1 Hr
Ulaanbaatar,PM2.5,1/4/17 21:00,2017,1,4,21,0.07,mg/m³,158,1 Hr
Ulaanbaatar,PM2.5,1/4/17 22:00,2017,1,4,22,,mg/m³,,1 Hr
Ulaanbaatar,PM2.5,1/4/17 23:00,2017,1,4,23,,mg/m³,,1 Hr
Ulaanbaatar,PM2.5,1/5/17 0:00,2017,1,5,0,,mg/m³,,1 Hr
Ulaanbaatar,PM2.5,1/5/17 1:00,2017,1,5,1,,mg/m³,,1 Hr
Ulaanbaatar,PM2.5,1/5/17 2:00,2017,1,5,2,,mg/m³,,1 Hr
Ulaanbaatar,PM2.5,1/5/17 3:00,2017,1,5,3,,mg/m³,,1 Hr
Ulaanbaatar,PM2.5,1/5/17 4:00,2017,1,5,4,,mg/m³,,1 Hr
Ulaanbaatar,PM2.5,1/5/17 5:00,2017,1,5,5,,mg/m³,,1 Hr
Ulaanbaatar,PM2.5,1/5/17 6:00,2017,1,5,6,0.376,mg/m³,401,1 Hr
Ulaanbaatar,PM2.5,1/5/17 7:00,2017,1,5,7,0.381,mg/m³,405,1 Hr
Ulaanbaatar,PM2.5,1/5/17 8:00,2017,1,5,8,0.319,mg/m³,356,1 Hr
Ulaanbaatar,PM2.5,1/5/17 9:00,2017,1,5,9,,mg/m³,,1 Hr
Ulaanbaatar,PM2.5,1/5/17 10:00,2017,1,5,10,,mg/m³,,1 Hr
Ulaanbaatar,PM2.5,1/5/17 11:00,2017,1,5,11,,mg/m³,,1 Hr
Ulaanbaatar,PM2.5,1/5/17 12:00,2017,1,5,12,,mg/m³,,1 Hr
Ulaanbaatar,PM2.5,1/6/17 10:00,2017,1,6,10,,mg/m³,,1 Hr
Ulaanbaatar,PM2.5,1/6/17 9:00,2017,1,6,9,0.324,mg/m³,360,1 Hr
Ulaanbaatar,PM2.5,1/6/17 8:00,2017,1,6,8,0.157,mg/m³,207,1 Hr
Ulaanbaatar,PM2.5,1/6/17 7:00,2017,1,6,7,0.183,mg/m³,233,1 Hr
Ulaanbaatar,PM2.5,1/6/17 6:00,2017,1,6,6,0.182,mg/m³,232,1 Hr
Ulaanbaatar,PM2.5,1/6/17 5:00,2017,1,6,5,0.274,mg/m³,320,1 Hr
Ulaanbaatar,PM2.5,1/6/17 4:00,2017,1,6,4,0.314,mg/m³,352,1 Hr
Ulaanbaatar,PM2.5,1/6/17 3:00,2017,1,6,3,0.265,mg/m³,313,1 Hr
Ulaanbaatar,PM2.5,1/6/17 2:00,2017,1,6,2,0.177,mg/m³,227,1 Hr
Ulaanbaatar,PM2.5,1/6/17 1:00,2017,1,6,1,,mg/m³,,1 Hr
Ulaanbaatar,PM2.5,1/6/17 0:00,2017,1,6,0,0.279,mg/m³,324,1 Hr
Ulaanbaatar,PM2.5,1/5/17 23:00,2017,1,5,23,0.268,mg/m³,315,1 Hr
Ulaanbaatar,PM2.5,1/5/17 22:00,2017,1,5,22,0.162,mg/m³,212,1 Hr
Ulaanbaatar,PM2.5,1/5/17 21:00,2017,1,5,21,0.27,mg/m³,317,1 Hr
Ulaanbaatar,PM2.5,1/5/17 20:00,2017,1,5,20,0.182,mg/m³,232,1 Hr
Ulaanbaatar,PM2.5,1/5/17 19:00,2017,1,5,19,0.133,mg/m³,191,1 Hr
Ulaanbaatar,PM2.5,1/5/17 18:00,2017,1,5,18,0.129,mg/m³,189,1 Hr
Ulaanbaatar,PM2.5,1/5/17 17:00,2017,1,5,17,0.164,mg/m³,214,1 Hr
Ulaanbaatar,PM2.5,1/5/17 16:00,2017,1,5,16,0.036,mg/m³,102,1 Hr
Ulaanbaatar,PM2.5,1/5/17 15:00,2017,1,5,15,0.06,mg/m³,153,1 Hr
Ulaanbaatar,PM2.5,1/5/17 14:00,2017,1,5,14,0.09,mg/m³,169,1 Hr
Ulaanbaatar,PM2.5,1/5/17 13:00,2017,1,5,13,,mg/m³,,1 Hr
Ulaanbaatar,PM2.5,1/6/17 10:00,2017,1,6,10,,mg/m³,,1 Hr
Ulaanbaatar,PM2.5,1/6/17 9:00,2017,1,6,9,0.324,mg/m³,360,1 Hr
Ulaanbaatar,PM2.5,1/6/17 8:00,2017,1,6,8,0.157,mg/m³,207,1 Hr
Ulaanbaatar,PM2.5,1/6/17 7:00,2017,1,6,7,0.183,mg/m³,233,1 Hr
Ulaanbaatar,PM2.5,1/6/17 6:00,2017,1,6,6,0.182,mg/m³,232,1 Hr
Ulaanbaatar,PM2.5,1/6/17 5:00,2017,1,6,5,0.274,mg/m³,320,1 Hr
Ulaanbaatar,PM2.5,1/6/17 4:00,2017,1,6,4,0.314,mg/m³,352,1 Hr
Ulaanbaatar,PM2.5,1/6/17 3:00,2017,1,6,3,0.265,mg/m³,313,1 Hr
Ulaanbaatar,PM2.5,1/6/17 2:00,2017,1,6,2,0.177,mg/m³,227,1 Hr
Ulaanbaatar,PM2.5,1/6/17 1:00,2017,1,6,1,,mg/m³,,1 Hr
Ulaanbaatar,PM2.5,1/6/17 0:00,2017,1,6,0,0.279,mg/m³,324,1 Hr
Ulaanbaatar,PM2.5,1/5/17 23:00,2017,1,5,23,0.268,mg/m³,315,1 Hr
Ulaanbaatar,PM2.5,1/5/17 22:00,2017,1,5,22,0.162,mg/m³,212,1 Hr
Ulaanbaatar,PM2.5,1/5/17 21:00,2017,1,5,21,0.27,mg/m³,317,1 Hr
Ulaanbaatar,PM2.5,1/5/17 20:00,2017,1,5,20,0.182,mg/m³,232,1 Hr
Ulaanbaatar,PM2.5,1/5/17 19:00,2017,1,5,19,0.133,mg/m³,191,1 Hr
Ulaanbaatar,PM2.5,1/5/17 18:00,2017,1,5,18,0.129,mg/m³,189,1 Hr
Ulaanbaatar,PM2.5,1/5/17 17:00,2017,1,5,17,0.164,mg/m³,214,1 Hr
Ulaanbaatar,PM2.5,1/5/17 16:00,2017,1,5,16,0.036,mg/m³,102,1 Hr
Ulaanbaatar,PM2.5,1/5/17 15:00,2017,1,5,15,0.06,mg/m³,153,1 Hr
Ulaanbaatar,PM2.5,1/5/17 14:00,2017,1,5,14,0.09,mg/m³,169,1 Hr
Ulaanbaatar,PM2.5,1/6/17 10:00,2017,1,6,10,,mg/m³,,1 Hr
Ulaanbaatar,PM2.5,1/6/17 9:00,2017,1,6,9,0.324,mg/m³,360,1 Hr
Ulaanbaatar,PM2.5,1/6/17 8:00,2017,1,6,8,0.157,mg/m³,207,1 Hr
Ulaanbaatar,PM2.5,1/6/17 7:00,2017,1,6,7,0.183,mg/m³,233,1 Hr
Ulaanbaatar,PM2.5,1/6/17 6:00,2017,1,6,6,0.182,mg/m³,232,1 Hr
Ulaanbaatar,PM2.5,1/6/17 5:00,2017,1,6,5,0.274,mg/m³,320,1 Hr
Ulaanbaatar,PM2.5,1/6/17 4:00,2017,1,6,4,0.314,mg/m³,352,1 Hr
Ulaanbaatar,PM2.5,1/6/17 3:00,2017,1,6,3,0.265,mg/m³,313,1 Hr
Ulaanbaatar,PM2.5,1/6/17 2:00,2017,1,6,2,0.177,mg/m³,227,1 Hr
Ulaanbaatar,PM2.5,1/6/17 1:00,2017,1,6,1,,mg/m³,,1 Hr
Ulaanbaatar,PM2.5,1/6/17 0:00,2017,1,6,0,0.279,mg/m³,324,1 Hr
Ulaanbaatar,PM2.5,1/5/17 23:00,2017,1,5,23,0.268,mg/m³,315,1 Hr
Ulaanbaatar,PM2.5,1/5/17 22:00,2017,1,5,22,0.162,mg/m³,212,1 Hr
Ulaanbaatar,PM2.5,1/5/17 21:00,2017,1,5,21,0.27,mg/m³,317,1 Hr
Ulaanbaatar,PM2.5,1/5/17 20:00,2017,1,5,20,0.182,mg/m³,232,1 Hr
Ulaanbaatar,PM2.5,1/5/17 19:00,2017,1,5,19,0.133,mg/m³,191,1 Hr
Ulaanbaatar,PM2.5,1/5/17 18:00,2017,1,5,18,0.129,mg/m³,189,1 Hr
Ulaanbaatar,PM2.5,1/5/17 17:00,2017,1,5,17,0.164,mg/m³,214,1 Hr
Ulaanbaatar,PM2.5,1/5/17 16:00,2017,1,5,16,0.036,mg/m³,102,1 Hr
Ulaanbaatar,PM2.5,1/5/17 15:00,2017,1,5,15,0.06,mg/m³,153,1 Hr
Ulaanbaatar,PM2.5,1/6/17 10:00,2017,1,6,10,,mg/m³,,1 Hr
Ulaanbaatar,PM2.5,1/6/17 9:00,2017,1,6,9,0.324,mg/m³,360,1 Hr
Ulaanbaatar,PM2.5,1/6/17 8:00,2017,1,6,8,0.157,mg/m³,207,1 Hr
Ulaanbaatar,PM2.5,1/6/17 7:00,2017,1,6,7,0.183,mg/m³,233,1 Hr
Ulaanbaatar,PM2.5,1/6/17 6:00,2017,1,6,6,0.182,mg/m³,232,1 Hr
Ulaanbaatar,PM2.5,1/6/17 5:00,2017,1,6,5,0.274,mg/m³,320,1 Hr
Ulaanbaatar,PM2.5,1/6/17 4:00,2017,1,6,4,0.314,mg/m³,352,1 Hr
Ulaanbaatar,PM2.5,1/6/17 3:00,2017,1,6,3,0.265,mg/m³,313,1 Hr
Ulaanbaatar,PM2.5,1/6/17 2:00,2017,1,6,2,0.177,mg/m³,227,1 Hr
Ulaanbaatar,PM2.5,1/6/17 1:00,2017,1,6,1,,mg/m³,,1 Hr
Ulaanbaatar,PM2.5,1/6/17 0:00,2017,1,6,0,0.279,mg/m³,324,1 Hr
Ulaanbaatar,PM2.5,1/5/17 23:00,2017,1,5,23,0.268,mg/m³,315,1 Hr
Ulaanbaatar,PM2.5,1/5/17 22:00,2017,1,5,22,0.162,mg/m³,212,1 Hr
Ulaanbaatar,PM2.5,1/5/17 21:00,2017,1,5,21,0.27,mg/m³,317,1 Hr
Ulaanbaatar,PM2.5,1/5/17 20:00,2017,1,5,20,0.182,mg/m³,232,1 Hr
Ulaanbaatar,PM2.5,1/5/17 19:00,2017,1,5,19,0.133,mg/m³,191,1 Hr
Ulaanbaatar,PM2.5,1/5/17 18:00,2017,1,5,18,0.129,mg/m³,189,1 Hr
Ulaanbaatar,PM2.5,1/5/17 17:00,2017,1,5,17,0.164,mg/m³,214,1 Hr
Ulaanbaatar,PM2.5,1/5/17 16:00,2017,1,5,16,0.036,mg/m³,102,1 Hr
Ulaanbaatar,PM2.5,1/6/17 10:00,2017,1,6,10,,mg/m³,,1 Hr
Ulaanbaatar,PM2.5,1/6/17 9:00,2017,1,6,9,0.324,mg/m³,360,1 Hr
Ulaanbaatar,PM2.5,1/6/17 8:00,2017,1,6,8,0.157,mg/m³,207,1 Hr
Ulaanbaatar,PM2.5,1/6/17 7:00,2017,1,6,7,0.183,mg/m³,233,1 Hr
Ulaanbaatar,PM2.5,1/6/17 6:00,2017,1,6,6,0.182,mg/m³,232,1 Hr
Ulaanbaatar,PM2.5,1/6/17 5:00,2017,1,6,5,0.274,mg/m³,320,1 Hr
Ulaanbaatar,PM2.5,1/6/17 4:00,2017,1,6,4,0.314,mg/m³,352,1 Hr
Ulaanbaatar,PM2.5,1/6/17 3:00,2017,1,6,3,0.265,mg/m³,313,1 Hr
Ulaanbaatar,PM2.5,1/6/17 2:00,2017,1,6,2,0.177,mg/m³,227,1 Hr
Ulaanbaatar,PM2.5,1/6/17 1:00,2017,1,6,1,,mg/m³,,1 Hr
Ulaanbaatar,PM2.5,1/6/17 0:00,2017,1,6,0,0.279,mg/m³,324,1 Hr
Ulaanbaatar,PM2.5,1/5/17 23:00,2017,1,5,23,0.268,mg/m³,315,1 Hr
Ulaanbaatar,PM2.5,1/5/17 22:00,2017,1,5,22,0.162,mg/m³,212,1 Hr
Ulaanbaatar,PM2.5,1/5/17 21:00,2017,1,5,21,0.27,mg/m³,317,1 Hr
Ulaanbaatar,PM2.5,1/5/17 20:00,2017,1,5,20,0.182,mg/m³,232,1 Hr
Ulaanbaatar,PM2.5,1/5/17 19:00,2017,1,5,19,0.133,mg/m³,191,1 Hr
Ulaanbaatar,PM2.5,1/5/17 18:00,2017,1,5,18,0.129,mg/m³,189,1 Hr
Ulaanbaatar,PM2.5,1/5/17 17:00,2017,1,5,17,0.164,mg/m³,214,1 Hr
Ulaanbaatar,PM2.5,1/6/17 10:00,2017,1,6,10,,mg/m³,,1 Hr
Ulaanbaatar,PM2.5,1/6/17 9:00,2017,1,6,9,0.324,mg/m³,360,1 Hr
Ulaanbaatar,PM2.5,1/6/17 8:00,2017,1,6,8,0.157,mg/m³,207,1 Hr
Ulaanbaatar,PM2.5,1/6/17 7:00,2017,1,6,7,0.183,mg/m³,233,1 Hr
Ulaanbaatar,PM2.5,1/6/17 6:00,2017,1,6,6,0.182,mg/m³,232,1 Hr
Ulaanbaatar,PM2.5,1/6/17 5:00,2017,1,6,5,0.274,mg/m³,320,1 Hr
Ulaanbaatar,PM2.5,1/6/17 4:00,2017,1,6,4,0.314,mg/m³,352,1 Hr
Ulaanbaatar,PM2.5,1/6/17 3:00,2017,1,6,3,0.265,mg/m³,313,1 Hr
Ulaanbaatar,PM2.5,1/6/17 2:00,2017,1,6,2,0.177,mg/m³,227,1 Hr
Ulaanbaatar,PM2.5,1/6/17 1:00,2017,1,6,1,,mg/m³,,1 Hr
Ulaanbaatar,PM2.5,1/6/17 0:00,2017,1,6,0,0.279,mg/m³,324,1 Hr
Ulaanbaatar,PM2.5,1/5/17 23:00,2017,1,5,23,0.268,mg/m³,315,1 Hr
Ulaanbaatar,PM2.5,1/5/17 22:00,2017,1,5,22,0.162,mg/m³,212,1 Hr
Ulaanbaatar,PM2.5,1/5/17 21:00,2017,1,5,21,0.27,mg/m³,317,1 Hr
Ulaanbaatar,PM2.5,1/5/17 20:00,2017,1,5,20,0.182,mg/m³,232,1 Hr
Ulaanbaatar,PM2.5,1/5/17 19:00,2017,1,5,19,0.133,mg/m³,191,1 Hr
Ulaanbaatar,PM2.5,1/5/17 18:00,2017,1,5,18,0.129,mg/m³,189,1 Hr
Ulaanbaatar,PM2.5,1/6/17 10:00,2017,1,6,10,,mg/m³,,1 Hr
Ulaanbaatar,PM2.5,1/6/17 9:00,2017,1,6,9,0.324,mg/m³,360,1 Hr
Ulaanbaatar,PM2.5,1/6/17 8:00,2017,1,6,8,0.157,mg/m³,207,1 Hr
Ulaanbaatar,PM2.5,1/6/17 7:00,2017,1,6,7,0.183,mg/m³,233,1 Hr
Ulaanbaatar,PM2.5,1/6/17 6:00,2017,1,6,6,0.182,mg/m³,232,1 Hr
Ulaanbaatar,PM2.5,1/6/17 5:00,2017,1,6,5,0.274,mg/m³,320,1 Hr
Ulaanbaatar,PM2.5,1/6/17 4:00,2017,1,6,4,0.314,mg/m³,352,1 Hr
Ulaanbaatar,PM2.5,1/6/17 3:00,2017,1,6,3,0.265,mg/m³,313,1 Hr
Ulaanbaatar,PM2.5,1/6/17 2:00,2017,1,6,2,0.177,mg/m³,227,1 Hr
Ulaanbaatar,PM2.5,1/6/17 1:00,2017,1,6,1,,mg/m³,,1 Hr
Ulaanbaatar,PM2.5,1/6/17 0:00,2017,1,6,0,0.279,mg/m³,324,1 Hr
Ulaanbaatar,PM2.5,1/5/17 23:00,2017,1,5,23,0.268,mg/m³,315,1 Hr
Ulaanbaatar,PM2.5,1/5/17 22:00,2017,1,5,22,0.162,mg/m³,212,1 Hr
Ulaanbaatar,PM2.5,1/5/17 21:00,2017,1,5,21,0.27,mg/m³,317,1 Hr
Ulaanbaatar,PM2.5,1/5/17 20:00,2017,1,5,20,0.182,mg/m³,232,1 Hr
Ulaanbaatar,PM2.5,1/5/17 19:00,2017,1,5,19,0.133,mg/m³,191,1 Hr
Ulaanbaatar,PM2.5,1/6/17 10:00,2017,1,6,10,,mg/m³,,1 Hr
Ulaanbaatar,PM2.5,1/6/17 9:00,2017,1,6,9,0.324,mg/m³,360,1 Hr
Ulaanbaatar,PM2.5,1/6/17 8:00,2017,1,6,8,0.157,mg/m³,207,1 Hr
Ulaanbaatar,PM2.5,1/6/17 7:00,2017,1,6,7,0.183,mg/m³,233,1 Hr
Ulaanbaatar,PM2.5,1/6/17 6:00,2017,1,6,6,0.182,mg/m³,232,1 Hr
Ulaanbaatar,PM2.5,1/6/17 5:00,2017,1,6,5,0.274,mg/m³,320,1 Hr
Ulaanbaatar,PM2.5,1/6/17 4:00,2017,1,6,4,0.314,mg/m³,352,1 Hr
Ulaanbaatar,PM2.5,1/6/17 3:00,2017,1,6,3,0.265,mg/m³,313,1 Hr
Ulaanbaatar,PM2.5,1/6/17 2:00,2017,1,6,2,0.177,mg/m³,227,1 Hr
Ulaanbaatar,PM2.5,1/6/17 1:00,2017,1,6,1,,mg/m³,,1 Hr
Ulaanbaatar,PM2.5,1/6/17 0:00,2017,1,6,0,0.279,mg/m³,324,1 Hr
Ulaanbaatar,PM2.5,1/5/17 23:00,2017,1,5,23,0.268,mg/m³,315,1 Hr
Ulaanbaatar,PM2.5,1/5/17 22:00,2017,1,5,22,0.162,mg/m³,212,1 Hr
Ulaanbaatar,PM2.5,1/5/17 21:00,2017,1,5,21,0.27,mg/m³,317,1 Hr
Ulaanbaatar,PM2.5,1/5/17 20:00,2017,1,5,20,0.182,mg/m³,232,1 Hr
Ulaanbaatar,PM2.5,1/5/17 21:00,2017,1,5,21,0.27,mg/m³,317,1 Hr
Ulaanbaatar,PM2.5,1/5/17 22:00,2017,1,5,22,0.162,mg/m³,212,1 Hr
Ulaanbaatar,PM2.5,1/5/17 23:00,2017,1,5,23,0.268,mg/m³,315,1 Hr
Ulaanbaatar,PM2.5,1/6/17 0:00,2017,1,6,0,0.279,mg/m³,324,1 Hr
Ulaanbaatar,PM2.5,1/6/17 1:00,2017,1,6,1,,mg/m³,,1 Hr
Ulaanbaatar,PM2.5,1/6/17 2:00,2017,1,6,2,0.177,mg/m³,227,1 Hr
Ulaanbaatar,PM2.5,1/6/17 3:00,2017,1,6,3,0.265,mg/m³,313,1 Hr
Ulaanbaatar,PM2.5,1/6/17 4:00,2017,1,6,4,0.314,mg/m³,352,1 Hr
Ulaanbaatar,PM2.5,1/6/17 5:00,2017,1,6,5,0.274,mg/m³,320,1 Hr
Ulaanbaatar,PM2.5,1/6/17 6:00,2017,1,6,6,0.182,mg/m³,232,1 Hr
Ulaanbaatar,PM2.5,1/6/17 7:00,2017,1,6,7,0.183,mg/m³,233,1 Hr
Ulaanbaatar,PM2.5,1/6/17 8:00,2017,1,6,8,0.157,mg/m³,207,1 Hr
Ulaanbaatar,PM2.5,1/6/17 9:00,2017,1,6,9,0.324,mg/m³,360,1 Hr
Ulaanbaatar,PM2.5,1/6/17 10:00,2017,1,6,10,,mg/m³,,1 Hr
Ulaanbaatar,PM2.5,1/6/17 11:00,2017,1,6,11,,mg/m³,,1 Hr
Ulaanbaatar,PM2.5,1/6/17 12:00,2017,1,6,12,0.312,mg/m³,350,1 Hr
Ulaanbaatar,PM2.5,1/6/17 13:00,2017,1,6,13,0.098,mg/m³,173,1 Hr
Ulaanbaatar,PM2.5,1/6/17 14:00,2017,1,6,14,0.084,mg/m³,166,1 Hr
Ulaanbaatar,PM2.5,1/6/17 15:00,2017,1,6,15,0.063,mg/m³,155,1 Hr
Ulaanbaatar,PM2.5,1/6/17 16:00,2017,1,6,16,0.067,mg/m³,157,1 Hr
Ulaanbaatar,PM2.5,1/6/17 17:00,2017,1,6,17,0.099,mg/m³,173,1 Hr
Ulaanbaatar,PM2.5,1/6/17 18:00,2017,1,6,18,0.103,mg/m³,176,1 Hr
Ulaanbaatar,PM2.5,1/6/17 19:00,2017,1,6,19,0.121,mg/m³,185,1 Hr
Ulaanbaatar,PM2.5,1/6/17 20:00,2017,1,6,20,0.383,mg/m³,407,1 Hr
Ulaanbaatar,PM2.5,1/6/17 21:00,2017,1,6,21,0.287,mg/m³,330,1 Hr
Ulaanbaatar,PM2.5,1/6/17 22:00,2017,1,6,22,,mg/m³,,1 Hr
Ulaanbaatar,PM2.5,1/6/17 23:00,2017,1,6,23,,mg/m³,,1 Hr
Ulaanbaatar,PM2.5,1/7/17 0:00,2017,1,7,0,,mg/m³,,1 Hr
Ulaanbaatar,PM2.5,1/7/17 1:00,2017,1,7,1,,mg/m³,,1 Hr
Ulaanbaatar,PM2.5,1/7/17 2:00,2017,1,7,2,,mg/m³,,1 Hr
Ulaanbaatar,PM2.5,1/7/17 3:00,2017,1,7,3,,mg/m³,,1 Hr
Ulaanbaatar,PM2.5,1/7/17 4:00,2017,1,7,4,,mg/m³,,1 Hr
Ulaanbaatar,PM2.5,1/7/17 5:00,2017,1,7,5,,mg/m³,,1 Hr
Ulaanbaatar,PM2.5,1/7/17 6:00,2017,1,7,6,,mg/m³,,1 Hr
Ulaanbaatar,PM2.5,1/7/17 7:00,2017,1,7,7,0.107,mg/m³,178,1 Hr
Ulaanbaatar,PM2.5,1/7/17 8:00,2017,1,7,8,,mg/m³,,1 Hr
Ulaanbaatar,PM2.5,1/7/17 9:00,2017,1,7,9,,mg/m³,,1 Hr
Ulaanbaatar,PM2.5,1/7/17 10:00,2017,1,7,10,,mg/m³,,1 Hr
Ulaanbaatar,PM2.5,1/7/17 11:00,2017,1,7,11,0.074,mg/m³,161,1 Hr
Ulaanbaatar,PM2.5,1/7/17 12:00,2017,1,7,12,0.086,mg/m³,167,1 Hr
Ulaanbaatar,PM2.5,1/7/17 13:00,2017,1,7,13,0.044,mg/m³,122,1 Hr
Ulaanbaatar,PM2.5,1/7/17 14:00,2017,1,7,14,0.046,mg/m³,127,1 Hr
Ulaanbaatar,PM2.5,1/7/17 15:00,2017,1,7,15,0.061,mg/m³,154,1 Hr
Ulaanbaatar,PM2.5,1/7/17 16:00,2017,1,7,16,0.133,mg/m³,191,1 Hr
Ulaanbaatar,PM2.5,1/7/17 17:00,2017,1,7,17,0.101,mg/m³,174,1 Hr
Ulaanbaatar,PM2.5,1/7/17 18:00,2017,1,7,18,0.111,mg/m³,180,1 Hr
Ulaanbaatar,PM2.5,1/7/17 19:00,2017,1,7,19,0.109,mg/m³,179,1 Hr
Ulaanbaatar,PM2.5,1/7/17 20:00,2017,1,7,20,0.111,mg/m³,180,1 Hr
Ulaanbaatar,PM2.5,1/7/17 21:00,2017,1,7,21,0.109,mg/m³,179,1 Hr
Ulaanbaatar,PM2.5,1/7/17 22:00,2017,1,7,22,0.099,mg/m³,173,1 Hr
Ulaanbaatar,PM2.5,1/7/17 23:00,2017,1,7,23,0.078,mg/m³,163,1 Hr
Ulaanbaatar,PM2.5,1/8/17 0:00,2017,1,8,0,0.074,mg/m³,161,1 Hr
Ulaanbaatar,PM2.5,1/8/17 1:00,2017,1,8,1,0.36,mg/m³,388,1 Hr
Ulaanbaatar,PM2.5,1/8/17 2:00,2017,1,8,2,0.311,mg/m³,349,1 Hr
Ulaanbaatar,PM2.5,1/8/17 3:00,2017,1,8,3,0.495,mg/m³,496,1 Hr
Ulaanbaatar,PM2.5,1/8/17 4:00,2017,1,8,4,0.069,mg/m³,158,1 Hr
Ulaanbaatar,PM2.5,1/8/17 5:00,2017,1,8,5,0.095,mg/m³,171,1 Hr
Ulaanbaatar,PM2.5,1/8/17 6:00,2017,1,8,6,0.095,mg/m³,171,1 Hr
Ulaanbaatar,PM2.5,1/8/17 7:00,2017,1,8,7,0.195,mg/m³,245,1 Hr
Ulaanbaatar,PM2.5,1/8/17 8:00,2017,1,8,8,0.309,mg/m³,348,1 Hr
Ulaanbaatar,PM2.5,1/8/17 9:00,2017,1,8,9,0.253,mg/m³,303,1 Hr
Ulaanbaatar,PM2.5,1/8/17 10:00,2017,1,8,10,0.048,mg/m³,132,1 Hr
Ulaanbaatar,PM2.5,1/8/17 11:00,2017,1,8,11,0.056,mg/m³,151,1 Hr
Ulaanbaatar,PM2.5,1/8/17 12:00,2017,1,8,12,0.035,mg/m³,99,1 Hr
Ulaanbaatar,PM2.5,1/8/17 13:00,2017,1,8,13,0.048,mg/m³,132,1 Hr
Ulaanbaatar,PM2.5,1/8/17 14:00,2017,1,8,14,0.031,mg/m³,91,1 Hr
Ulaanbaatar,PM2.5,1/8/17 15:00,2017,1,8,15,0.028,mg/m³,84,1 Hr
Ulaanbaatar,PM2.5,1/8/17 16:00,2017,1,8,16,0.029,mg/m³,87,1 Hr
Ulaanbaatar,PM2.5,1/8/17 17:00,2017,1,8,17,0.031,mg/m³,91,1 Hr
Ulaanbaatar,PM2.5,1/8/17 18:00,2017,1,8,18,0.054,mg/m³,147,1 Hr
Ulaanbaatar,PM2.5,1/8/17 19:00,2017,1,8,19,0.098,mg/m³,173,1 Hr
Ulaanbaatar,PM2.5,1/8/17 20:00,2017,1,8,20,0.401,mg/m³,421,1 Hr
Ulaanbaatar,PM2.5,1/8/17 21:00,2017,1,8,21,0.285,mg/m³,329,1 Hr
Ulaanbaatar,PM2.5,1/8/17 22:00,2017,1,8,22,,mg/m³,,1 Hr
Ulaanbaatar,PM2.5,1/8/17 23:00,2017,1,8,23,0.349,mg/m³,380,1 Hr
Ulaanbaatar,PM2.5,1/9/17 0:00,2017,1,9,0,0.408,mg/m³,427,1 Hr
Ulaanbaatar,PM2.5,1/9/17 1:00,2017,1,9,1,0.386,mg/m³,409,1 Hr
Ulaanbaatar,PM2.5,1/9/17 2:00,2017,1,9,2,0.413,mg/m³,431,1 Hr
Ulaanbaatar,PM2.5,1/9/17 3:00,2017,1,9,3,0.233,mg/m³,283,1 Hr
Ulaanbaatar,PM2.5,1/9/17 4:00,2017,1,9,4,0.168,mg/m³,218,1 Hr
Ulaanbaatar,PM2.5,1/9/17 5:00,2017,1,9,5,0.08,mg/m³,164,1 Hr
Ulaanbaatar,PM2.5,1/9/17 6:00,2017,1,9,6,0.167,mg/m³,217,1 Hr
Ulaanbaatar,PM2.5,1/9/17 7:00,2017,1,9,7,0.21,mg/m³,260,1 Hr
Ulaanbaatar,PM2.5,1/9/17 8:00,2017,1,9,8,0.44,mg/m³,452,1 Hr
Ulaanbaatar,PM2.5,1/9/17 9:00,2017,1,9,9,,mg/m³,,1 Hr
Ulaanbaatar,PM2.5,1/9/17 10:00,2017,1,9,10,0.378,mg/m³,403,1 Hr
Ulaanbaatar,PM2.5,1/9/17 11:00,2017,1,9,11,0.087,mg/m³,167,1 Hr
Ulaanbaatar,PM2.5,1/9/17 12:00,2017,1,9,12,0.059,mg/m³,153,1 Hr
Ulaanbaatar,PM2.5,1/9/17 13:00,2017,1,9,13,0.027,mg/m³,82,1 Hr
Ulaanbaatar,PM2.5,1/9/17 14:00,2017,1,9,14,0.03,mg/m³,89,1 Hr
Ulaanbaatar,PM2.5,1/9/17 15:00,2017,1,9,15,0.031,mg/m³,91,1 Hr
Ulaanbaatar,PM2.5,1/9/17 16:00,2017,1,9,16,0.024,mg/m³,76,1 Hr
Ulaanbaatar,PM2.5,1/9/17 17:00,2017,1,9,17,0.017,mg/m³,61,1 Hr
Ulaanbaatar,PM2.5,1/9/17 18:00,2017,1,9,18,0.025,mg/m³,78,1 Hr
Ulaanbaatar,PM2.5,1/9/17 19:00,2017,1,9,19,0.028,mg/m³,84,1 Hr
Ulaanbaatar,PM2.5,1/9/17 20:00,2017,1,9,20,0.023,mg/m³,74,1 Hr
Ulaanbaatar,PM2.5,1/9/17 21:00,2017,1,9,21,0.03,mg/m³,89,1 Hr
Ulaanbaatar,PM2.5,1/9/17 22:00,2017,1,9,22,0.035,mg/m³,99,1 Hr
Ulaanbaatar,PM2.5,1/9/17 23:00,2017,1,9,23,0.03,mg/m³,89,1 Hr
Ulaanbaatar,PM2.5,1/10/17 0:00,2017,1,10,0,0.365,mg/m³,392,1 Hr
Ulaanbaatar,PM2.5,1/10/17 1:00,2017,1,10,1,0.469,mg/m³,475,1 Hr
Ulaanbaatar,PM2.5,1/10/17 2:00,2017,1,10,2,0.221,mg/m³,271,1 Hr
Ulaanbaatar,PM2.5,1/10/17 3:00,2017,1,10,3,0.108,mg/m³,178,1 Hr
Ulaanbaatar,PM2.5,1/10/17 4:00,2017,1,10,4,0.08,mg/m³,164,1 Hr
Ulaanbaatar,PM2.5,1/10/17 5:00,2017,1,10,5,0.062,mg/m³,154,1 Hr
Ulaanbaatar,PM2.5,1/10/17 6:00,2017,1,10,6,0.056,mg/m³,151,1 Hr
Ulaanbaatar,PM2.5,1/10/17 7:00,2017,1,10,7,0.103,mg/m³,176,1 Hr
Ulaanbaatar,PM2.5,1/10/17 8:00,2017,1,10,8,0.232,mg/m³,282,1 Hr
Ulaanbaatar,PM2.5,1/10/17 9:00,2017,1,10,9,0.339,mg/m³,372,1 Hr
Ulaanbaatar,PM2.5,1/10/17 10:00,2017,1,10,10,,mg/m³,,1 Hr
Ulaanbaatar,PM2.5,1/10/17 11:00,2017,1,10,11,,mg/m³,,1 Hr
Ulaanbaatar,PM2.5,1/10/17 12:00,2017,1,10,12,,mg/m³,,1 Hr
Ulaanbaatar,PM2.5,1/10/17 13:00,2017,1,10,13,0.282,mg/m³,326,1 Hr
Ulaanbaatar,PM2.5,1/10/17 14:00,2017,1,10,14,0.286,mg/m³,329,1 Hr
Ulaanbaatar,PM2.5,1/10/17 15:00,2017,1,10,15,0.227,mg/m³,277,1 Hr
Ulaanbaatar,PM2.5,1/10/17 16:00,2017,1,10,16,0.069,mg/m³,158,1 Hr
Ulaanbaatar,PM2.5,1/10/17 17:00,2017,1,10,17,0.035,mg/m³,99,1 Hr
Ulaanbaatar,PM2.5,1/10/17 18:00,2017,1,10,18,0.047,mg/m³,129,1 Hr
Ulaanbaatar,PM2.5,1/10/17 19:00,2017,1,10,19,0.13,mg/m³,189,1 Hr
Ulaanbaatar,PM2.5,1/10/17 20:00,2017,1,10,20,,mg/m³,,1 Hr
Ulaanbaatar,PM2.5,1/10/17 21:00,2017,1,10,21,,mg/m³,,1 Hr
Ulaanbaatar,PM2.5,1/10/17 22:00,2017,1,10,22,,mg/m³,,1 Hr
Ulaanbaatar,PM2.5,1/10/17 23:00,2017,1,10,23,,mg/m³,,1 Hr
Ulaanbaatar,PM2.5,1/11/17 0:00,2017,1,11,0,,mg/m³,,1 Hr
Ulaanbaatar,PM2.5,1/11/17 1:00,2017,1,11,1,,mg/m³,,1 Hr
Ulaanbaatar,PM2.5,1/11/17 2:00,2017,1,11,2,0.263,mg/m³,311,1 Hr
Ulaanbaatar,PM2.5,1/11/17 3:00,2017,1,11,3,0.26,mg/m³,309,1 Hr
Ulaanbaatar,PM2.5,1/11/17 4:00,2017,1,11,4,0.19,mg/m³,240,1 Hr
Ulaanbaatar,PM2.5,1/11/17 5:00,2017,1,11,5,0.251,mg/m³,301,1 Hr
Ulaanbaatar,PM2.5,1/11/17 6:00,2017,1,11,6,0.23,mg/m³,280,1 Hr
Ulaanbaatar,PM2.5,1/11/17 7:00,2017,1,11,7,0.253,mg/m³,303,1 Hr
Ulaanbaatar,PM2.5,1/11/17 8:00,2017,1,11,8,,mg/m³,,1 Hr
Ulaanbaatar,PM2.5,1/11/17 9:00,2017,1,11,9,,mg/m³,,1 Hr
Ulaanbaatar,PM2.5,1/11/17 10:00,2017,1,11,10,,mg/m³,,1 Hr
Ulaanbaatar,PM2.5,1/11/17 11:00,2017,1,11,11,,mg/m³,,1 Hr
Ulaanbaatar,PM2.5,1/11/17 12:00,2017,1,11,12,0.264,mg/m³,312,1 Hr
Ulaanbaatar,PM2.5,1/11/17 13:00,2017,1,11,13,0.147,mg/m³,198,1 Hr
Ulaanbaatar,PM2.5,1/11/17 14:00,2017,1,11,14,0.171,mg/m³,221,1 Hr
Ulaanbaatar,PM2.5,1/11/17 15:00,2017,1,11,15,0.259,mg/m³,308,1 Hr
Ulaanbaatar,PM2.5,1/11/17 16:00,2017,1,11,16,0.186,mg/m³,236,1 Hr
Ulaanbaatar,PM2.5,1/11/17 17:00,2017,1,11,17,0.084,mg/m³,166,1 Hr
Ulaanbaatar,PM2.5,1/11/17 18:00,2017,1,11,18,0.119,mg/m³,184,1 Hr
Ulaanbaatar,PM2.5,1/11/17 19:00,2017,1,11,19,0.261,mg/m³,309,1 Hr
Ulaanbaatar,PM2.5,1/11/17 20:00,2017,1,11,20,,mg/m³,,1 Hr
Ulaanbaatar,PM2.5,1/11/17 21:00,2017,1,11,21,,mg/m³,,1 Hr
Ulaanbaatar,PM2.5,1/11/17 22:00,2017,1,11,22,,mg/m³,,1 Hr
Ulaanbaatar,PM2.5,1/11/17 23:00,2017,1,11,23,,mg/m³,,1 Hr
Ulaanbaatar,PM2.5,1/12/17 0:00,2017,1,12,0,,mg/m³,,1 Hr
Ulaanbaatar,PM2.5,1/12/17 1:00,2017,1,12,1,,mg/m³,,1 Hr
Ulaanbaatar,PM2.5,1/12/17 2:00,2017,1,12,2,,mg/m³,,1 Hr
Ulaanbaatar,PM2.5,1/12/17 3:00,2017,1,12,3,0.414,mg/m³,431,1 Hr
Ulaanbaatar,PM2.5,1/12/17 4:00,2017,1,12,4,0.391,mg/m³,413,1 Hr
Ulaanbaatar,PM2.5,1/12/17 5:00,2017,1,12,5,0.344,mg/m³,376,1 Hr
Ulaanbaatar,PM2.5,1/12/17 6:00,2017,1,12,6,0.363,mg/m³,391,1 Hr
Ulaanbaatar,PM2.5,1/12/17 7:00,2017,1,12,7,0.156,mg/m³,206,1 Hr
Ulaanbaatar,PM2.5,1/12/17 8:00,2017,1,12,8,,mg/m³,,1 Hr
Ulaanbaatar,PM2.5,1/12/17 9:00,2017,1,12,9,,mg/m³,,1 Hr
Ulaanbaatar,PM2.5,1/12/17 10:00,2017,1,12,10,0.288,mg/m³,331,1 Hr
Ulaanbaatar,PM2.5,1/12/17 11:00,2017,1,12,11,0.268,mg/m³,315,1 Hr
Ulaanbaatar,PM2.5,1/12/17 12:00,2017,1,12,12,0.122,mg/m³,185,1 Hr
Ulaanbaatar,PM2.5,1/12/17 13:00,2017,1,12,13,0.1,mg/m³,174,1 Hr
Ulaanbaatar,PM2.5,1/12/17 14:00,2017,1,12,14,0.095,mg/m³,171,1 Hr
Ulaanbaatar,PM2.5,1/12/17 15:00,2017,1,12,15,0.18,mg/m³,230,1 Hr
Ulaanbaatar,PM2.5,1/12/17 16:00,2017,1,12,16,0.256,mg/m³,305,1 Hr
Ulaanbaatar,PM2.5,1/12/17 17:00,2017,1,12,17,0.134,mg/m³,192,1 Hr
Ulaanbaatar,PM2.5,1/12/17 18:00,2017,1,12,18,0.124,mg/m³,186,1 Hr
Ulaanbaatar,PM2.5,1/12/17 19:00,2017,1,12,19,0.185,mg/m³,235,1 Hr
Ulaanbaatar,PM2.5,1/12/17 20:00,2017,1,12,20,0.376,mg/m³,401,1 Hr
Ulaanbaatar,PM2.5,1/12/17 21:00,2017,1,12,21,,mg/m³,,1 Hr
Ulaanbaatar,PM2.5,1/12/17 22:00,2017,1,12,22,,mg/m³,,1 Hr
Ulaanbaatar,PM2.5,1/12/17 23:00,2017,1,12,23,,mg/m³,,1 Hr
Ulaanbaatar,PM2.5,1/13/17 0:00,2017,1,13,0,,mg/m³,,1 Hr
Ulaanbaatar,PM2.5,1/13/17 1:00,2017,1,13,1,0.265,mg/m³,313,1 Hr
Ulaanbaatar,PM2.5,1/13/17 2:00,2017,1,13,2,,mg/m³,,1 Hr
Ulaanbaatar,PM2.5,1/13/17 3:00,2017,1,13,3,,mg/m³,,1 Hr
Ulaanbaatar,PM2.5,1/13/17 4:00,2017,1,13,4,0.347,mg/m³,378,1 Hr
Ulaanbaatar,PM2.5,1/13/17 5:00,2017,1,13,5,0.408,mg/m³,427,1 Hr
Ulaanbaatar,PM2.5,1/13/17 6:00,2017,1,13,6,0.272,mg/m³,318,1 Hr
Ulaanbaatar,PM2.5,1/13/17 7:00,2017,1,13,7,0.19,mg/m³,240,1 Hr
Ulaanbaatar,PM2.5,1/13/17 8:00,2017,1,13,8,0.267,mg/m³,314,1 Hr
Ulaanbaatar,PM2.5,1/13/17 9:00,2017,1,13,9,,mg/m³,,1 Hr
Ulaanbaatar,PM2.5,1/13/17 10:00,2017,1,13,10,,mg/m³,,1 Hr
Ulaanbaatar,PM2.5,1/13/17 11:00,2017,1,13,11,,mg/m³,,1 Hr
Ulaanbaatar,PM2.5,1/13/17 12:00,2017,1,13,12,0.042,mg/m³,117,1 Hr
Ulaanbaatar,PM2.5,1/13/17 13:00,2017,1,13,13,0.036,mg/m³,102,1 Hr
Ulaanbaatar,PM2.5,1/13/17 14:00,2017,1,13,14,0.038,mg/m³,107,1 Hr
Ulaanbaatar,PM2.5,1/13/17 15:00,2017,1,13,15,0.026,mg/m³,80,1 Hr
Ulaanbaatar,PM2.5,1/13/17 16:00,2017,1,13,16,0.037,mg/m³,105,1 Hr
Ulaanbaatar,PM2.5,1/13/17 17:00,2017,1,13,17,0.047,mg/m³,129,1 Hr
Ulaanbaatar,PM2.5,1/13/17 18:00,2017,1,13,18,0.077,mg/m³,162,1 Hr
Ulaanbaatar,PM2.5,1/13/17 19:00,2017,1,13,19,0.089,mg/m³,168,1 Hr
Ulaanbaatar,PM2.5,1/13/17 20:00,2017,1,13,20,0.09,mg/m³,169,1 Hr
Ulaanbaatar,PM2.5,1/13/17 21:00,2017,1,13,21,0.114,mg/m³,181,1 Hr
Ulaanbaatar,PM2.5,1/13/17 22:00,2017,1,13,22,0.093,mg/m³,170,1 Hr
Ulaanbaatar,PM2.5,1/13/17 23:00,2017,1,13,23,0.139,mg/m³,194,1 Hr
Ulaanbaatar,PM2.5,1/14/17 0:00,2017,1,14,0,,mg/m³,,1 Hr
Ulaanbaatar,PM2.5,1/14/17 1:00,2017,1,14,1,,mg/m³,,1 Hr
Ulaanbaatar,PM2.5,1/14/17 2:00,2017,1,14,2,,mg/m³,,1 Hr
Ulaanbaatar,PM2.5,1/14/17 3:00,2017,1,14,3,,mg/m³,,1 Hr
Ulaanbaatar,PM2.5,1/14/17 4:00,2017,1,14,4,,mg/m³,,1 Hr
Ulaanbaatar,PM2.5,1/14/17 5:00,2017,1,14,5,0.056,mg/m³,151,1 Hr
Ulaanbaatar,PM2.5,1/14/17 6:00,2017,1,14,6,0.063,mg/m³,155,1 Hr
Ulaanbaatar,PM2.5,1/14/17 7:00,2017,1,14,7,0.001,mg/m³,4,1 Hr
Ulaanbaatar,PM2.5,1/14/17 8:00,2017,1,14,8,0.005,mg/m³,21,1 Hr
Ulaanbaatar,PM2.5,1/14/17 9:00,2017,1,14,9,0.005,mg/m³,21,1 Hr
Ulaanbaatar,PM2.5,1/14/17 10:00,2017,1,14,10,0.014,mg/m³,55,1 Hr
Ulaanbaatar,PM2.5,1/14/17 11:00,2017,1,14,11,0.021,mg/m³,70,1 Hr
Ulaanbaatar,PM2.5,1/14/17 12:00,2017,1,14,12,0.021,mg/m³,70,1 Hr
Ulaanbaatar,PM2.5,1/14/17 13:00,2017,1,14,13,0.013,mg/m³,53,1 Hr
Ulaanbaatar,PM2.5,1/14/17 14:00,2017,1,14,14,0.016,mg/m³,59,1 Hr
Ulaanbaatar,PM2.5,1/14/17 15:00,2017,1,14,15,0.009,mg/m³,38,1 Hr
Ulaanbaatar,PM2.5,1/14/17 16:00,2017,1,14,16,0.014,mg/m³,55,1 Hr
Ulaanbaatar,PM2.5,1/14/17 17:00,2017,1,14,17,0.016,mg/m³,59,1 Hr
Ulaanbaatar,PM2.5,1/14/17 18:00,2017,1,14,18,0.02,mg/m³,68,1 Hr
Ulaanbaatar,PM2.5,1/14/17 19:00,2017,1,14,19,0.033,mg/m³,95,1 Hr
Ulaanbaatar,PM2.5,1/14/17 20:00,2017,1,14,20,0.022,mg/m³,72,1 Hr
Ulaanbaatar,PM2.5,1/14/17 21:00,2017,1,14,21,0.028,mg/m³,84,1 Hr
Ulaanbaatar,PM2.5,1/14/17 22:00,2017,1,14,22,0.021,mg/m³,70,1 Hr
Ulaanbaatar,PM2.5,1/14/17 23:00,2017,1,14,23,0.019,mg/m³,66,1 Hr
Ulaanbaatar,PM2.5,1/15/17 0:00,2017,1,15,0,0.016,mg/m³,59,1 Hr
Ulaanbaatar,PM2.5,1/15/17 1:00,2017,1,15,1,0.015,mg/m³,57,1 Hr
Ulaanbaatar,PM2.5,1/15/17 2:00,2017,1,15,2,0.013,mg/m³,53,1 Hr
Ulaanbaatar,PM2.5,1/15/17 3:00,2017,1,15,3,0.01,mg/m³,42,1 Hr
Ulaanbaatar,PM2.5,1/15/17 4:00,2017,1,15,4,0.022,mg/m³,72,1 Hr
Ulaanbaatar,PM2.5,1/15/17 5:00,2017,1,15,5,0.051,mg/m³,139,1 Hr
Ulaanbaatar,PM2.5,1/15/17 6:00,2017,1,15,6,0.077,mg/m³,162,1 Hr
Ulaanbaatar,PM2.5,1/15/17 7:00,2017,1,15,7,0.094,mg/m³,171,1 Hr
Ulaanbaatar,PM2.5,1/15/17 8:00,2017,1,15,8,0.15,mg/m³,200,1 Hr
Ulaanbaatar,PM2.5,1/15/17 9:00,2017,1,15,9,0.269,mg/m³,316,1 Hr
Ulaanbaatar,PM2.5,1/15/17 10:00,2017,1,15,10,0.32,mg/m³,356,1 Hr
Ulaanbaatar,PM2.5,1/15/17 11:00,2017,1,15,11,0.185,mg/m³,235,1 Hr
Ulaanbaatar,PM2.5,1/15/17 12:00,2017,1,15,12,0.073,mg/m³,160,1 Hr
Ulaanbaatar,PM2.5,1/15/17 13:00,2017,1,15,13,0.042,mg/m³,117,1 Hr
Ulaanbaatar,PM2.5,1/15/17 14:00,2017,1,15,14,0.054,mg/m³,147,1 Hr
Ulaanbaatar,PM2.5,1/15/17 15:00,2017,1,15,15,0.043,mg/m³,119,1 Hr
Ulaanbaatar,PM2.5,1/15/17 16:00,2017,1,15,16,0.122,mg/m³,185,1 Hr
Ulaanbaatar,PM2.5,1/15/17 17:00,2017,1,15,17,0.141,mg/m³,195,1 Hr
Ulaanbaatar,PM2.5,1/15/17 18:00,2017,1,15,18,0.101,mg/m³,174,1 Hr
Ulaanbaatar,PM2.5,1/15/17 19:00,2017,1,15,19,0.089,mg/m³,168,1 Hr
Ulaanbaatar,PM2.5,1/15/17 20:00,2017,1,15,20,,mg/m³,,1 Hr
Ulaanbaatar,PM2.5,1/15/17 21:00,2017,1,15,21,0.286,mg/m³,329,1 Hr
Ulaanbaatar,PM2.5,1/15/17 22:00,2017,1,15,22,,mg/m³,,1 Hr
Ulaanbaatar,PM2.5,1/15/17 23:00,2017,1,15,23,,mg/m³,,1 Hr
Ulaanbaatar,PM2.5,1/16/17 0:00,2017,1,16,0,,mg/m³,,1 Hr
Ulaanbaatar,PM2.5,1/16/17 1:00,2017,1,16,1,,mg/m³,,1 Hr
Ulaanbaatar,PM2.5,1/16/17 2:00,2017,1,16,2,,mg/m³,,1 Hr
Ulaanbaatar,PM2.5,1/16/17 3:00,2017,1,16,3,,mg/m³,,1 Hr
Ulaanbaatar,PM2.5,1/16/17 4:00,2017,1,16,4,0.347,mg/m³,378,1 Hr
Ulaanbaatar,PM2.5,1/16/17 5:00,2017,1,16,5,0.304,mg/m³,344,1 Hr
Ulaanbaatar,PM2.5,1/16/17 6:00,2017,1,16,6,0.3,mg/m³,340,1 Hr
Ulaanbaatar,PM2.5,1/16/17 7:00,2017,1,16,7,0.201,mg/m³,251,1 Hr
Ulaanbaatar,PM2.5,1/16/17 8:00,2017,1,16,8,0.329,mg/m³,364,1 Hr
Ulaanbaatar,PM2.5,1/16/17 9:00,2017,1,16,9,,mg/m³,,1 Hr
Ulaanbaatar,PM2.5,1/16/17 10:00,2017,1,16,10,0.22,mg/m³,270,1 Hr
Ulaanbaatar,PM2.5,1/16/17 11:00,2017,1,16,11,0.324,mg/m³,360,1 Hr
Ulaanbaatar,PM2.5,1/16/17 12:00,2017,1,16,12,0.074,mg/m³,161,1 Hr
Ulaanbaatar,PM2.5,1/16/17 13:00,2017,1,16,13,0.053,mg/m³,144,1 Hr
Ulaanbaatar,PM2.5,1/16/17 14:00,2017,1,16,14,0.045,mg/m³,124,1 Hr
Ulaanbaatar,PM2.5,1/16/17 15:00,2017,1,16,15,0.037,mg/m³,105,1 Hr
Ulaanbaatar,PM2.5,1/16/17 16:00,2017,1,16,16,0.03,mg/m³,89,1 Hr
Ulaanbaatar,PM2.5,1/16/17 17:00,2017,1,16,17,0.121,mg/m³,185,1 Hr
Ulaanbaatar,PM2.5,1/16/17 18:00,2017,1,16,18,0.173,mg/m³,223,1 Hr
Ulaanbaatar,PM2.5,1/16/17 19:00,2017,1,16,19,0.222,mg/m³,272,1 Hr
Ulaanbaatar,PM2.5,1/16/17 20:00,2017,1,16,20,0.177,mg/m³,227,1 Hr
Ulaanbaatar,PM2.5,1/16/17 21:00,2017,1,16,21,0.129,mg/m³,189,1 Hr
Ulaanbaatar,PM2.5,1/16/17 22:00,2017,1,16,22,0.093,mg/m³,170,1 Hr
Ulaanbaatar,PM2.5,1/16/17 23:00,2017,1,16,23,0.089,mg/m³,168,1 Hr
Ulaanbaatar,PM2.5,1/17/17 0:00,2017,1,17,0,0.15,mg/m³,200,1 Hr
Ulaanbaatar,PM2.5,1/17/17 1:00,2017,1,17,1,0.122,mg/m³,185,1 Hr
Ulaanbaatar,PM2.5,1/17/17 2:00,2017,1,17,2,0.259,mg/m³,308,1 Hr
Ulaanbaatar,PM2.5,1/17/17 3:00,2017,1,17,3,0.264,mg/m³,312,1 Hr
Ulaanbaatar,PM2.5,1/17/17 4:00,2017,1,17,4,0.225,mg/m³,275,1 Hr
Ulaanbaatar,PM2.5,1/17/17 5:00,2017,1,17,5,0.221,mg/m³,271,1 Hr
Ulaanbaatar,PM2.5,1/17/17 6:00,2017,1,17,6,0.253,mg/m³,303,1 Hr
Ulaanbaatar,PM2.5,1/17/17 7:00,2017,1,17,7,0.191,mg/m³,241,1 Hr
Ulaanbaatar,PM2.5,1/17/17 8:00,2017,1,17,8,0.289,mg/m³,332,1 Hr
Ulaanbaatar,PM2.5,1/17/17 9:00,2017,1,17,9,,mg/m³,,1 Hr
Ulaanbaatar,PM2.5,1/17/17 10:00,2017,1,17,10,,mg/m³,,1 Hr
Ulaanbaatar,PM2.5,1/17/17 11:00,2017,1,17,11,0.204,mg/m³,254,1 Hr
Ulaanbaatar,PM2.5,1/17/17 12:00,2017,1,17,12,0.231,mg/m³,281,1 Hr
Ulaanbaatar,PM2.5,1/17/17 13:00,2017,1,17,13,0.206,mg/m³,256,1 Hr
Ulaanbaatar,PM2.5,1/17/17 14:00,2017,1,17,14,0.162,mg/m³,212,1 Hr
Ulaanbaatar,PM2.5,1/17/17 15:00,2017,1,17,15,0.15,mg/m³,200,1 Hr
Ulaanbaatar,PM2.5,1/17/17 16:00,2017,1,17,16,0.103,mg/m³,176,1 Hr
Ulaanbaatar,PM2.5,1/17/17 17:00,2017,1,17,17,0.108,mg/m³,178,1 Hr
Ulaanbaatar,PM2.5,1/17/17 18:00,2017,1,17,18,0.123,mg/m³,186,1 Hr
Ulaanbaatar,PM2.5,1/17/17 19:00,2017,1,17,19,0.278,mg/m³,323,1 Hr
Ulaanbaatar,PM2.5,1/17/17 20:00,2017,1,17,20,,mg/m³,,1 Hr
Ulaanbaatar,PM2.5,1/17/17 21:00,2017,1,17,21,,mg/m³,,1 Hr
Ulaanbaatar,PM2.5,1/17/17 22:00,2017,1,17,22,,mg/m³,,1 Hr
Ulaanbaatar,PM2.5,1/17/17 23:00,2017,1,17,23,,mg/m³,,1 Hr
Ulaanbaatar,PM2.5,1/18/17 0:00,2017,1,18,0,,mg/m³,,1 Hr
Ulaanbaatar,PM2.5,1/18/17 1:00,2017,1,18,1,,mg/m³,,1 Hr
Ulaanbaatar,PM2.5,1/18/17 2:00,2017,1,18,2,,mg/m³,,1 Hr
Ulaanbaatar,PM2.5,1/18/17 3:00,2017,1,18,3,,mg/m³,,1 Hr
Ulaanbaatar,PM2.5,1/18/17 4:00,2017,1,18,4,0.343,mg/m³,375,1 Hr
Ulaanbaatar,PM2.5,1/18/17 5:00,2017,1,18,5,0.334,mg/m³,368,1 Hr
Ulaanbaatar,PM2.5,1/18/17 6:00,2017,1,18,6,0.232,mg/m³,282,1 Hr
Ulaanbaatar,PM2.5,1/18/17 7:00,2017,1,18,7,0.152,mg/m³,202,1 Hr
Ulaanbaatar,PM2.5,1/18/17 8:00,2017,1,18,8,0.188,mg/m³,238,1 Hr
Ulaanbaatar,PM2.5,1/18/17 9:00,2017,1,18,9,0.207,mg/m³,257,1 Hr
Ulaanbaatar,PM2.5,1/18/17 10:00,2017,1,18,10,0.246,mg/m³,296,1 Hr
Ulaanbaatar,PM2.5,1/18/17 11:00,2017,1,18,11,0.229,mg/m³,279,1 Hr
Ulaanbaatar,PM2.5,1/18/17 12:00,2017,1,18,12,0.251,mg/m³,301,1 Hr
Ulaanbaatar,PM2.5,1/18/17 13:00,2017,1,18,13,0.188,mg/m³,238,1 Hr
Ulaanbaatar,PM2.5,1/18/17 14:00,2017,1,18,14,0.178,mg/m³,228,1 Hr
Ulaanbaatar,PM2.5,1/18/17 15:00,2017,1,18,15,0.138,mg/m³,194,1 Hr
Ulaanbaatar,PM2.5,1/18/17 16:00,2017,1,18,16,0.074,mg/m³,161,1 Hr
Ulaanbaatar,PM2.5,1/18/17 17:00,2017,1,18,17,0.054,mg/m³,147,1 Hr
Ulaanbaatar,PM2.5,1/18/17 18:00,2017,1,18,18,0.047,mg/m³,129,1 Hr
Ulaanbaatar,PM2.5,1/18/17 19:00,2017,1,18,19,0.038,mg/m³,107,1 Hr
Ulaanbaatar,PM2.5,1/18/17 20:00,2017,1,18,20,0.04,mg/m³,112,1 Hr
Ulaanbaatar,PM2.5,1/18/17 21:00,2017,1,18,21,0.138,mg/m³,194,1 Hr
Ulaanbaatar,PM2.5,1/18/17 22:00,2017,1,18,22,0.073,mg/m³,160,1 Hr
Ulaanbaatar,PM2.5,1/18/17 23:00,2017,1,18,23,0.061,mg/m³,154,1 Hr
Ulaanbaatar,PM2.5,1/19/17 0:00,2017,1,19,0,0.062,mg/m³,154,1 Hr
Ulaanbaatar,PM2.5,1/19/17 1:00,2017,1,19,1,,mg/m³,,1 Hr
Ulaanbaatar,PM2.5,1/19/17 2:00,2017,1,19,2,0.343,mg/m³,375,1 Hr
Ulaanbaatar,PM2.5,1/19/17 3:00,2017,1,19,3,0.258,mg/m³,307,1 Hr
Ulaanbaatar,PM2.5,1/19/17 4:00,2017,1,19,4,0.191,mg/m³,241,1 Hr
Ulaanbaatar,PM2.5,1/19/17 5:00,2017,1,19,5,0.164,mg/m³,214,1 Hr
Ulaanbaatar,PM2.5,1/19/17 6:00,2017,1,19,6,0.103,mg/m³,176,1 Hr
Ulaanbaatar,PM2.5,1/19/17 7:00,2017,1,19,7,0.122,mg/m³,185,1 Hr
Ulaanbaatar,PM2.5,1/19/17 8:00,2017,1,19,8,0.208,mg/m³,258,1 Hr
Ulaanbaatar,PM2.5,1/19/17 9:00,2017,1,19,9,,mg/m³,,1 Hr
Ulaanbaatar,PM2.5,1/19/17 10:00,2017,1,19,10,,mg/m³,,1 Hr
Ulaanbaatar,PM2.5,1/19/17 11:00,2017,1,19,11,,mg/m³,,1 Hr
Ulaanbaatar,PM2.5,1/19/17 12:00,2017,1,19,12,,mg/m³,,1 Hr
Ulaanbaatar,PM2.5,1/19/17 13:00,2017,1,19,13,0.238,mg/m³,288,1 Hr
Ulaanbaatar,PM2.5,1/19/17 14:00,2017,1,19,14,0.113,mg/m³,181,1 Hr
Ulaanbaatar,PM2.5,1/19/17 15:00,2017,1,19,15,0.042,mg/m³,117,1 Hr
Ulaanbaatar,PM2.5,1/19/17 16:00,2017,1,19,16,0.034,mg/m³,97,1 Hr
Ulaanbaatar,PM2.5,1/19/17 17:00,2017,1,19,17,0.062,mg/m³,154,1 Hr
Ulaanbaatar,PM2.5,1/19/17 18:00,2017,1,19,18,0.082,mg/m³,165,1 Hr
Ulaanbaatar,PM2.5,1/19/17 19:00,2017,1,19,19,0.092,mg/m³,170,1 Hr
Ulaanbaatar,PM2.5,1/19/17 20:00,2017,1,19,20,0.364,mg/m³,392,1 Hr
Ulaanbaatar,PM2.5,1/19/17 21:00,2017,1,19,21,,mg/m³,,1 Hr
Ulaanbaatar,PM2.5,1/19/17 22:00,2017,1,19,22,,mg/m³,,1 Hr
Ulaanbaatar,PM2.5,1/19/17 23:00,2017,1,19,23,,mg/m³,,1 Hr
Ulaanbaatar,PM2.5,1/20/17 0:00,2017,1,20,0,,mg/m³,,1 Hr
Ulaanbaatar,PM2.5,1/20/17 1:00,2017,1,20,1,,mg/m³,,1 Hr
Ulaanbaatar,PM2.5,1/20/17 2:00,2017,1,20,2,,mg/m³,,1 Hr
Ulaanbaatar,PM2.5,1/20/17 3:00,2017,1,20,3,,mg/m³,,1 Hr
Ulaanbaatar,PM2.5,1/20/17 4:00,2017,1,20,4,0.304,mg/m³,344,1 Hr
Ulaanbaatar,PM2.5,1/20/17 5:00,2017,1,20,5,0.383,mg/m³,407,1 Hr
Ulaanbaatar,PM2.5,1/20/17 6:00,2017,1,20,6,0.097,mg/m³,172,1 Hr
Ulaanbaatar,PM2.5,1/20/17 7:00,2017,1,20,7,0.088,mg/m³,168,1 Hr
Ulaanbaatar,PM2.5,1/20/17 8:00,2017,1,20,8,0.111,mg/m³,180,1 Hr
Ulaanbaatar,PM2.5,1/20/17 9:00,2017,1,20,9,,mg/m³,,1 Hr
Ulaanbaatar,PM2.5,1/20/17 10:00,2017,1,20,10,,mg/m³,,1 Hr
Ulaanbaatar,PM2.5,1/20/17 11:00,2017,1,20,11,0.3,mg/m³,340,1 Hr
Ulaanbaatar,PM2.5,1/20/17 12:00,2017,1,20,12,0.202,mg/m³,252,1 Hr
Ulaanbaatar,PM2.5,1/20/17 13:00,2017,1,20,13,0.139,mg/m³,194,1 Hr
Ulaanbaatar,PM2.5,1/20/17 14:00,2017,1,20,14,0.043,mg/m³,119,1 Hr
Ulaanbaatar,PM2.5,1/20/17 15:00,2017,1,20,15,0.014,mg/m³,55,1 Hr
Ulaanbaatar,PM2.5,1/20/17 16:00,2017,1,20,16,0.016,mg/m³,59,1 Hr
Ulaanbaatar,PM2.5,1/20/17 17:00,2017,1,20,17,0.019,mg/m³,66,1 Hr
Ulaanbaatar,PM2.5,1/20/17 18:00,2017,1,20,18,0.039,mg/m³,110,1 Hr
Ulaanbaatar,PM2.5,1/20/17 19:00,2017,1,20,19,0.067,mg/m³,157,1 Hr
Ulaanbaatar,PM2.5,1/20/17 20:00,2017,1,20,20,0.07,mg/m³,158,1 Hr
Ulaanbaatar,PM2.5,1/20/17 21:00,2017,1,20,21,0.088,mg/m³,168,1 Hr
Ulaanbaatar,PM2.5,1/20/17 22:00,2017,1,20,22,0.264,mg/m³,312,1 Hr
Ulaanbaatar,PM2.5,1/20/17 23:00,2017,1,20,23,,mg/m³,,1 Hr
Ulaanbaatar,PM2.5,1/21/17 0:00,2017,1,21,0,,mg/m³,,1 Hr
Ulaanbaatar,PM2.5,1/21/17 1:00,2017,1,21,1,0.105,mg/m³,177,1 Hr
Ulaanbaatar,PM2.5,1/21/17 2:00,2017,1,21,2,0.096,mg/m³,172,1 Hr
Ulaanbaatar,PM2.5,1/21/17 3:00,2017,1,21,3,0.237,mg/m³,287,1 Hr
Ulaanbaatar,PM2.5,1/21/17 4:00,2017,1,21,4,0.212,mg/m³,262,1 Hr
Ulaanbaatar,PM2.5,1/21/17 5:00,2017,1,21,5,0.176,mg/m³,226,1 Hr
Ulaanbaatar,PM2.5,1/21/17 6:00,2017,1,21,6,0.171,mg/m³,221,1 Hr
Ulaanbaatar,PM2.5,1/21/17 7:00,2017,1,21,7,0.17,mg/m³,220,1 Hr
Ulaanbaatar,PM2.5,1/21/17 8:00,2017,1,21,8,0.159,mg/m³,209,1 Hr
Ulaanbaatar,PM2.5,1/21/17 9:00,2017,1,21,9,0.288,mg/m³,331,1 Hr
Ulaanbaatar,PM2.5,1/21/17 10:00,2017,1,21,10,,mg/m³,,1 Hr
Ulaanbaatar,PM2.5,1/21/17 11:00,2017,1,21,11,,mg/m³,,1 Hr
Ulaanbaatar,PM2.5,1/21/17 12:00,2017,1,21,12,0.302,mg/m³,342,1 Hr
Ulaanbaatar,PM2.5,1/21/17 13:00,2017,1,21,13,0.103,mg/m³,176,1 Hr
Ulaanbaatar,PM2.5,1/21/17 14:00,2017,1,21,14,0.102,mg/m³,175,1 Hr
Ulaanbaatar,PM2.5,1/21/17 15:00,2017,1,21,15,0.089,mg/m³,168,1 Hr
Ulaanbaatar,PM2.5,1/21/17 16:00,2017,1,21,16,0.076,mg/m³,162,1 Hr
Ulaanbaatar,PM2.5,1/21/17 17:00,2017,1,21,17,0.063,mg/m³,155,1 Hr
Ulaanbaatar,PM2.5,1/21/17 18:00,2017,1,21,18,0.05,mg/m³,137,1 Hr
Ulaanbaatar,PM2.5,1/21/17 19:00,2017,1,21,19,0.085,mg/m³,166,1 Hr
Ulaanbaatar,PM2.5,1/21/17 20:00,2017,1,21,20,0.074,mg/m³,161,1 Hr
Ulaanbaatar,PM2.5,1/21/17 21:00,2017,1,21,21,0.357,mg/m³,386,1 Hr
Ulaanbaatar,PM2.5,1/21/17 22:00,2017,1,21,22,,mg/m³,,1 Hr
Ulaanbaatar,PM2.5,1/21/17 23:00,2017,1,21,23,,mg/m³,,1 Hr
Ulaanbaatar,PM2.5,1/22/17 0:00,2017,1,22,0,,mg/m³,,1 Hr
Ulaanbaatar,PM2.5,1/22/17 1:00,2017,1,22,1,,mg/m³,,1 Hr
Ulaanbaatar,PM2.5,1/22/17 2:00,2017,1,22,2,,mg/m³,,1 Hr
Ulaanbaatar,PM2.5,1/22/17 3:00,2017,1,22,3,,mg/m³,,1 Hr
Ulaanbaatar,PM2.5,1/22/17 4:00,2017,1,22,4,0.353,mg/m³,383,1 Hr
Ulaanbaatar,PM2.5,1/22/17 5:00,2017,1,22,5,0.277,mg/m³,322,1 Hr
Ulaanbaatar,PM2.5,1/22/17 6:00,2017,1,22,6,0.306,mg/m³,345,1 Hr
Ulaanbaatar,PM2.5,1/22/17 7:00,2017,1,22,7,0.361,mg/m³,389,1 Hr
Ulaanbaatar,PM2.5,1/22/17 8:00,2017,1,22,8,,mg/m³,,1 Hr
Ulaanbaatar,PM2.5,1/22/17 9:00,2017,1,22,9,,mg/m³,,1 Hr
Ulaanbaatar,PM2.5,1/22/17 10:00,2017,1,22,10,,mg/m³,,1 Hr
Ulaanbaatar,PM2.5,1/22/17 11:00,2017,1,22,11,,mg/m³,,1 Hr
Ulaanbaatar,PM2.5,1/22/17 12:00,2017,1,22,12,0.068,mg/m³,157,1 Hr
Ulaanbaatar,PM2.5,1/22/17 13:00,2017,1,22,13,0.052,mg/m³,142,1 Hr
Ulaanbaatar,PM2.5,1/22/17 14:00,2017,1,22,14,0.042,mg/m³,117,1 Hr
Ulaanbaatar,PM2.5,1/22/17 15:00,2017,1,22,15,0.049,mg/m³,134,1 Hr
Ulaanbaatar,PM2.5,1/22/17 16:00,2017,1,22,16,0.052,mg/m³,142,1 Hr
Ulaanbaatar,PM2.5,1/22/17 17:00,2017,1,22,17,0.051,mg/m³,139,1 Hr
Ulaanbaatar,PM2.5,1/22/17 18:00,2017,1,22,18,0.068,mg/m³,157,1 Hr
Ulaanbaatar,PM2.5,1/22/17 19:00,2017,1,22,19,0.121,mg/m³,185,1 Hr
Ulaanbaatar,PM2.5,1/22/17 20:00,2017,1,22,20,0.259,mg/m³,308,1 Hr
Ulaanbaatar,PM2.5,1/22/17 21:00,2017,1,22,21,0.336,mg/m³,369,1 Hr
Ulaanbaatar,PM2.5,1/22/17 22:00,2017,1,22,22,,mg/m³,,1 Hr
Ulaanbaatar,PM2.5,1/22/17 23:00,2017,1,22,23,0.436,mg/m³,449,1 Hr
Ulaanbaatar,PM2.5,1/23/17 0:00,2017,1,23,0,,mg/m³,,1 Hr
Ulaanbaatar,PM2.5,1/23/17 1:00,2017,1,23,1,,mg/m³,,1 Hr
Ulaanbaatar,PM2.5,1/23/17 2:00,2017,1,23,2,0.441,mg/m³,453,1 Hr
Ulaanbaatar,PM2.5,1/23/17 3:00,2017,1,23,3,,mg/m³,,1 Hr
Ulaanbaatar,PM2.5,1/23/17 4:00,2017,1,23,4,,mg/m³,,1 Hr
Ulaanbaatar,PM2.5,1/23/17 5:00,2017,1,23,5,0.314,mg/m³,352,1 Hr
Ulaanbaatar,PM2.5,1/23/17 6:00,2017,1,23,6,0.408,mg/m³,427,1 Hr
Ulaanbaatar,PM2.5,1/23/17 7:00,2017,1,23,7,0.417,mg/m³,434,1 Hr
Ulaanbaatar,PM2.5,1/23/17 8:00,2017,1,23,8,,mg/m³,,1 Hr
Ulaanbaatar,PM2.5,1/23/17 9:00,2017,1,23,9,,mg/m³,,1 Hr
Ulaanbaatar,PM2.5,1/23/17 10:00,2017,1,23,10,,mg/m³,,1 Hr
Ulaanbaatar,PM2.5,1/23/17 11:00,2017,1,23,11,0.106,mg/m³,177,1 Hr
Ulaanbaatar,PM2.5,1/23/17 12:00,2017,1,23,12,0.042,mg/m³,117,1 Hr
Ulaanbaatar,PM2.5,1/23/17 13:00,2017,1,23,13,0.042,mg/m³,117,1 Hr
Ulaanbaatar,PM2.5,1/23/17 14:00,2017,1,23,14,0.037,mg/m³,105,1 Hr
Ulaanbaatar,PM2.5,1/23/17 15:00,2017,1,23,15,0.038,mg/m³,107,1 Hr
Ulaanbaatar,PM2.5,1/23/17 16:00,2017,1,23,16,0.034,mg/m³,97,1 Hr
Ulaanbaatar,PM2.5,1/23/17 17:00,2017,1,23,17,0.044,mg/m³,122,1 Hr
Ulaanbaatar,PM2.5,1/23/17 18:00,2017,1,23,18,0.057,mg/m³,152,1 Hr
Ulaanbaatar,PM2.5,1/23/17 19:00,2017,1,23,19,0.13,mg/m³,189,1 Hr
Ulaanbaatar,PM2.5,1/23/17 20:00,2017,1,23,20,0.189,mg/m³,239,1 Hr
Ulaanbaatar,PM2.5,1/23/17 21:00,2017,1,23,21,,mg/m³,,1 Hr
Ulaanbaatar,PM2.5,1/23/17 22:00,2017,1,23,22,,mg/m³,,1 Hr
Ulaanbaatar,PM2.5,1/23/17 23:00,2017,1,23,23,,mg/m³,,1 Hr
Ulaanbaatar,PM2.5,1/24/17 0:00,2017,1,24,0,,mg/m³,,1 Hr
Ulaanbaatar,PM2.5,1/24/17 1:00,2017,1,24,1,,mg/m³,,1 Hr
Ulaanbaatar,PM2.5,1/24/17 2:00,2017,1,24,2,,mg/m³,,1 Hr
Ulaanbaatar,PM2.5,1/24/17 3:00,2017,1,24,3,,mg/m³,,1 Hr
Ulaanbaatar,PM2.5,1/24/17 4:00,2017,1,24,4,0.385,mg/m³,408,1 Hr
Ulaanbaatar,PM2.5,1/24/17 5:00,2017,1,24,5,0.349,mg/m³,380,1 Hr
Ulaanbaatar,PM2.5,1/24/17 6:00,2017,1,24,6,0.046,mg/m³,127,1 Hr
Ulaanbaatar,PM2.5,1/24/17 7:00,2017,1,24,7,0.014,mg/m³,55,1 Hr
Ulaanbaatar,PM2.5,1/24/17 8:00,2017,1,24,8,0.024,mg/m³,76,1 Hr
Ulaanbaatar,PM2.5,1/24/17 9:00,2017,1,24,9,0.037,mg/m³,105,1 Hr
Ulaanbaatar,PM2.5,1/24/17 10:00,2017,1,24,10,0.064,mg/m³,155,1 Hr
Ulaanbaatar,PM2.5,1/24/17 11:00,2017,1,24,11,0.131,mg/m³,190,1 Hr
Ulaanbaatar,PM2.5,1/24/17 12:00,2017,1,24,12,0.088,mg/m³,168,1 Hr
Ulaanbaatar,PM2.5,1/24/17 13:00,2017,1,24,13,0.048,mg/m³,132,1 Hr
Ulaanbaatar,PM2.5,1/24/17 14:00,2017,1,24,14,0.027,mg/m³,82,1 Hr
Ulaanbaatar,PM2.5,1/24/17 15:00,2017,1,24,15,0.033,mg/m³,95,1 Hr
Ulaanbaatar,PM2.5,1/24/17 16:00,2017,1,24,16,0.033,mg/m³,95,1 Hr
Ulaanbaatar,PM2.5,1/24/17 17:00,2017,1,24,17,0.04,mg/m³,112,1 Hr
Ulaanbaatar,PM2.5,1/24/17 18:00,2017,1,24,18,0.065,mg/m³,156,1 Hr
Ulaanbaatar,PM2.5,1/24/17 19:00,2017,1,24,19,0.131,mg/m³,190,1 Hr
Ulaanbaatar,PM2.5,1/24/17 20:00,2017,1,24,20,0.136,mg/m³,193,1 Hr
Ulaanbaatar,PM2.5,1/24/17 21:00,2017,1,24,21,0.219,mg/m³,269,1 Hr
Ulaanbaatar,PM2.5,1/24/17 22:00,2017,1,24,22,0.299,mg/m³,340,1 Hr
Ulaanbaatar,PM2.5,1/24/17 23:00,2017,1,24,23,0.32,mg/m³,356,1 Hr
Ulaanbaatar,PM2.5,1/25/17 0:00,2017,1,25,0,0.187,mg/m³,237,1 Hr
Ulaanbaatar,PM2.5,1/25/17 1:00,2017,1,25,1,0.283,mg/m³,327,1 Hr
Ulaanbaatar,PM2.5,1/25/17 2:00,2017,1,25,2,0.077,mg/m³,162,1 Hr
Ulaanbaatar,PM2.5,1/25/17 3:00,2017,1,25,3,0.377,mg/m³,402,1 Hr
Ulaanbaatar,PM2.5,1/25/17 4:00,2017,1,25,4,0.458,mg/m³,467,1 Hr
Ulaanbaatar,PM2.5,1/25/17 5:00,2017,1,25,5,,mg/m³,,1 Hr
Ulaanbaatar,PM2.5,1/25/17 6:00,2017,1,25,6,,mg/m³,,1 Hr
Ulaanbaatar,PM2.5,1/25/17 7:00,2017,1,25,7,,mg/m³,,1 Hr
Ulaanbaatar,PM2.5,1/25/17 8:00,2017,1,25,8,,mg/m³,,1 Hr
Ulaanbaatar,PM2.5,1/25/17 9:00,2017,1,25,9,,mg/m³,,1 Hr
Ulaanbaatar,PM2.5,1/25/17 10:00,2017,1,25,10,,mg/m³,,1 Hr
Ulaanbaatar,PM2.5,1/25/17 11:00,2017,1,25,11,,mg/m³,,1 Hr
Ulaanbaatar,PM2.5,1/25/17 12:00,2017,1,25,12,,mg/m³,,1 Hr
Ulaanbaatar,PM2.5,1/25/17 13:00,2017,1,25,13,0.158,mg/m³,208,1 Hr
Ulaanbaatar,PM2.5,1/25/17 14:00,2017,1,25,14,0.082,mg/m³,165,1 Hr
Ulaanbaatar,PM2.5,1/25/17 15:00,2017,1,25,15,0.016,mg/m³,59,1 Hr
Ulaanbaatar,PM2.5,1/25/17 16:00,2017,1,25,16,0.014,mg/m³,55,1 Hr
Ulaanbaatar,PM2.5,1/25/17 17:00,2017,1,25,17,0.024,mg/m³,76,1 Hr
Ulaanbaatar,PM2.5,1/25/17 18:00,2017,1,25,18,0.04,mg/m³,112,1 Hr
Ulaanbaatar,PM2.5,1/25/17 19:00,2017,1,25,19,0.035,mg/m³,99,1 Hr
Ulaanbaatar,PM2.5,1/25/17 20:00,2017,1,25,20,0.025,mg/m³,78,1 Hr
Ulaanbaatar,PM2.5,1/25/17 21:00,2017,1,25,21,0.013,mg/m³,53,1 Hr
Ulaanbaatar,PM2.5,1/25/17 22:00,2017,1,25,22,0.024,mg/m³,76,1 Hr
Ulaanbaatar,PM2.5,1/25/17 23:00,2017,1,25,23,0.033,mg/m³,95,1 Hr
Ulaanbaatar,PM2.5,1/26/17 0:00,2017,1,26,0,0.088,mg/m³,168,1 Hr
Ulaanbaatar,PM2.5,1/26/17 1:00,2017,1,26,1,0.033,mg/m³,95,1 Hr
Ulaanbaatar,PM2.5,1/26/17 2:00,2017,1,26,2,0.024,mg/m³,76,1 Hr
Ulaanbaatar,PM2.5,1/26/17 3:00,2017,1,26,3,0.024,mg/m³,76,1 Hr
Ulaanbaatar,PM2.5,1/26/17 4:00,2017,1,26,4,0.025,mg/m³,78,1 Hr
Ulaanbaatar,PM2.5,1/26/17 5:00,2017,1,26,5,0.031,mg/m³,91,1 Hr
Ulaanbaatar,PM2.5,1/26/17 6:00,2017,1,26,6,0.03,mg/m³,89,1 Hr
Ulaanbaatar,PM2.5,1/26/17 7:00,2017,1,26,7,0.045,mg/m³,124,1 Hr
Ulaanbaatar,PM2.5,1/26/17 8:00,2017,1,26,8,0.081,mg/m³,164,1 Hr
Ulaanbaatar,PM2.5,1/26/17 9:00,2017,1,26,9,0.167,mg/m³,217,1 Hr
Ulaanbaatar,PM2.5,1/26/17 10:00,2017,1,26,10,,mg/m³,,1 Hr
Ulaanbaatar,PM2.5,1/26/17 11:00,2017,1,26,11,,mg/m³,,1 Hr
Ulaanbaatar,PM2.5,1/26/17 12:00,2017,1,26,12,0.193,mg/m³,243,1 Hr
Ulaanbaatar,PM2.5,1/26/17 13:00,2017,1,26,13,0.086,mg/m³,167,1 Hr
Ulaanbaatar,PM2.5,1/26/17 14:00,2017,1,26,14,0.018,mg/m³,63,1 Hr
Ulaanbaatar,PM2.5,1/26/17 15:00,2017,1,26,15,0.018,mg/m³,63,1 Hr
Ulaanbaatar,PM2.5,1/26/17 16:00,2017,1,26,16,0.015,mg/m³,57,1 Hr
Ulaanbaatar,PM2.5,1/26/17 17:00,2017,1,26,17,0.027,mg/m³,82,1 Hr
Ulaanbaatar,PM2.5,1/26/17 18:00,2017,1,26,18,0.077,mg/m³,162,1 Hr
Ulaanbaatar,PM2.5,1/26/17 19:00,2017,1,26,19,0.057,mg/m³,152,1 Hr
Ulaanbaatar,PM2.5,1/26/17 20:00,2017,1,26,20,0.17,mg/m³,220,1 Hr
Ulaanbaatar,PM2.5,1/26/17 21:00,2017,1,26,21,0.124,mg/m³,186,1 Hr
Ulaanbaatar,PM2.5,1/26/17 22:00,2017,1,26,22,0.142,mg/m³,196,1 Hr
Ulaanbaatar,PM2.5,1/26/17 23:00,2017,1,26,23,0.196,mg/m³,246,1 Hr
Ulaanbaatar,PM2.5,1/27/17 0:00,2017,1,27,0,0.369,mg/m³,396,1 Hr
Ulaanbaatar,PM2.5,1/27/17 1:00,2017,1,27,1,0.267,mg/m³,314,1 Hr
Ulaanbaatar,PM2.5,1/27/17 2:00,2017,1,27,2,0.395,mg/m³,416,1 Hr
Ulaanbaatar,PM2.5,1/27/17 3:00,2017,1,27,3,0.396,mg/m³,417,1 Hr
Ulaanbaatar,PM2.5,1/27/17 4:00,2017,1,27,4,0.328,mg/m³,363,1 Hr
Ulaanbaatar,PM2.5,1/27/17 5:00,2017,1,27,5,0.408,mg/m³,427,1 Hr
Ulaanbaatar,PM2.5,1/27/17 6:00,2017,1,27,6,0.255,mg/m³,305,1 Hr
Ulaanbaatar,PM2.5,1/27/17 7:00,2017,1,27,7,0.143,mg/m³,196,1 Hr
Ulaanbaatar,PM2.5,1/27/17 8:00,2017,1,27,8,0.344,mg/m³,376,1 Hr
Ulaanbaatar,PM2.5,1/27/17 9:00,2017,1,27,9,0.16,mg/m³,210,1 Hr
Ulaanbaatar,PM2.5,1/27/17 10:00,2017,1,27,10,0.214,mg/m³,264,1 Hr
Ulaanbaatar,PM2.5,1/27/17 11:00,2017,1,27,11,,mg/m³,,1 Hr
Ulaanbaatar,PM2.5,1/27/17 12:00,2017,1,27,12,0.139,mg/m³,194,1 Hr
Ulaanbaatar,PM2.5,1/27/17 13:00,2017,1,27,13,0.114,mg/m³,181,1 Hr
Ulaanbaatar,PM2.5,1/27/17 14:00,2017,1,27,14,0.098,mg/m³,173,1 Hr
Ulaanbaatar,PM2.5,1/27/17 15:00,2017,1,27,15,0.087,mg/m³,167,1 Hr
Ulaanbaatar,PM2.5,1/27/17 16:00,2017,1,27,16,0.095,mg/m³,171,1 Hr
Ulaanbaatar,PM2.5,1/27/17 17:00,2017,1,27,17,0.166,mg/m³,216,1 Hr
Ulaanbaatar,PM2.5,1/27/17 18:00,2017,1,27,18,0.153,mg/m³,203,1 Hr
Ulaanbaatar,PM2.5,1/27/17 19:00,2017,1,27,19,0.191,mg/m³,241,1 Hr
Ulaanbaatar,PM2.5,1/27/17 20:00,2017,1,27,20,0.174,mg/m³,224,1 Hr
Ulaanbaatar,PM2.5,1/27/17 21:00,2017,1,27,21,0.379,mg/m³,403,1 Hr
Ulaanbaatar,PM2.5,1/27/17 22:00,2017,1,27,22,0.028,mg/m³,84,1 Hr
Ulaanbaatar,PM2.5,1/27/17 23:00,2017,1,27,23,0.026,mg/m³,80,1 Hr
Ulaanbaatar,PM2.5,1/28/17 0:00,2017,1,28,0,0.011,mg/m³,46,1 Hr
Ulaanbaatar,PM2.5,1/28/17 1:00,2017,1,28,1,0.011,mg/m³,46,1 Hr
Ulaanbaatar,PM2.5,1/28/17 2:00,2017,1,28,2,0.008,mg/m³,33,1 Hr
Ulaanbaatar,PM2.5,1/28/17 3:00,2017,1,28,3,0.005,mg/m³,21,1 Hr
Ulaanbaatar,PM2.5,1/28/17 4:00,2017,1,28,4,0.006,mg/m³,25,1 Hr
Ulaanbaatar,PM2.5,1/28/17 5:00,2017,1,28,5,0.005,mg/m³,21,1 Hr
Ulaanbaatar,PM2.5,1/28/17 6:00,2017,1,28,6,0.004,mg/m³,17,1 Hr
Ulaanbaatar,PM2.5,1/28/17 7:00,2017,1,28,7,0.004,mg/m³,17,1 Hr
Ulaanbaatar,PM2.5,1/28/17 8:00,2017,1,28,8,0.004,mg/m³,17,1 Hr
Ulaanbaatar,PM2.5,1/28/17 9:00,2017,1,28,9,0.011,mg/m³,46,1 Hr
Ulaanbaatar,PM2.5,1/28/17 10:00,2017,1,28,10,0.013,mg/m³,53,1 Hr
Ulaanbaatar,PM2.5,1/28/17 11:00,2017,1,28,11,0.011,mg/m³,46,1 Hr
Ulaanbaatar,PM2.5,1/28/17 12:00,2017,1,28,12,0.011,mg/m³,46,1 Hr
Ulaanbaatar,PM2.5,1/28/17 13:00,2017,1,28,13,0.013,mg/m³,53,1 Hr
Ulaanbaatar,PM2.5,1/28/17 14:00,2017,1,28,14,0.012,mg/m³,50,1 Hr
Ulaanbaatar,PM2.5,1/28/17 15:00,2017,1,28,15,0.011,mg/m³,46,1 Hr
Ulaanbaatar,PM2.5,1/28/17 16:00,2017,1,28,16,0.01,mg/m³,42,1 Hr
Ulaanbaatar,PM2.5,1/28/17 17:00,2017,1,28,17,0.015,mg/m³,57,1 Hr
Ulaanbaatar,PM2.5,1/28/17 18:00,2017,1,28,18,0.016,mg/m³,59,1 Hr
Ulaanbaatar,PM2.5,1/28/17 19:00,2017,1,28,19,0.025,mg/m³,78,1 Hr
Ulaanbaatar,PM2.5,1/28/17 20:00,2017,1,28,20,0.021,mg/m³,70,1 Hr
Ulaanbaatar,PM2.5,1/28/17 21:00,2017,1,28,21,0.019,mg/m³,66,1 Hr
Ulaanbaatar,PM2.5,1/28/17 22:00,2017,1,28,22,0.045,mg/m³,124,1 Hr
Ulaanbaatar,PM2.5,1/28/17 23:00,2017,1,28,23,0.052,mg/m³,142,1 Hr
Ulaanbaatar,PM2.5,1/29/17 0:00,2017,1,29,0,0.101,mg/m³,174,1 Hr
Ulaanbaatar,PM2.5,1/29/17 1:00,2017,1,29,1,0.074,mg/m³,161,1 Hr
Ulaanbaatar,PM2.5,1/29/17 2:00,2017,1,29,2,0.101,mg/m³,174,1 Hr
Ulaanbaatar,PM2.5,1/29/17 3:00,2017,1,29,3,0.101,mg/m³,174,1 Hr
Ulaanbaatar,PM2.5,1/29/17 4:00,2017,1,29,4,0.102,mg/m³,175,1 Hr
Ulaanbaatar,PM2.5,1/29/17 5:00,2017,1,29,5,0.079,mg/m³,163,1 Hr
Ulaanbaatar,PM2.5,1/29/17 6:00,2017,1,29,6,0.105,mg/m³,177,1 Hr
Ulaanbaatar,PM2.5,1/29/17 7:00,2017,1,29,7,0.12,mg/m³,184,1 Hr
Ulaanbaatar,PM2.5,1/29/17 8:00,2017,1,29,8,0.181,mg/m³,231,1 Hr
Ulaanbaatar,PM2.5,1/29/17 9:00,2017,1,29,9,0.257,mg/m³,306,1 Hr
Ulaanbaatar,PM2.5,1/29/17 10:00,2017,1,29,10,,mg/m³,,1 Hr
Ulaanbaatar,PM2.5,1/29/17 11:00,2017,1,29,11,0.192,mg/m³,242,1 Hr
Ulaanbaatar,PM2.5,1/29/17 12:00,2017,1,29,12,0.044,mg/m³,122,1 Hr
Ulaanbaatar,PM2.5,1/29/17 13:00,2017,1,29,13,0.038,mg/m³,107,1 Hr
Ulaanbaatar,PM2.5,1/29/17 14:00,2017,1,29,14,0.039,mg/m³,110,1 Hr
Ulaanbaatar,PM2.5,1/29/17 15:00,2017,1,29,15,0.033,mg/m³,95,1 Hr
Ulaanbaatar,PM2.5,1/29/17 16:00,2017,1,29,16,0.043,mg/m³,119,1 Hr
Ulaanbaatar,PM2.5,1/29/17 17:00,2017,1,29,17,0.039,mg/m³,110,1 Hr
Ulaanbaatar,PM2.5,1/29/17 18:00,2017,1,29,18,0.048,mg/m³,132,1 Hr
Ulaanbaatar,PM2.5,1/29/17 19:00,2017,1,29,19,0.069,mg/m³,158,1 Hr
Ulaanbaatar,PM2.5,1/29/17 20:00,2017,1,29,20,0.091,mg/m³,169,1 Hr
Ulaanbaatar,PM2.5,1/29/17 21:00,2017,1,29,21,,mg/m³,,1 Hr
Ulaanbaatar,PM2.5,1/29/17 22:00,2017,1,29,22,,mg/m³,,1 Hr
Ulaanbaatar,PM2.5,1/29/17 23:00,2017,1,29,23,0.178,mg/m³,228,1 Hr
Ulaanbaatar,PM2.5,1/30/17 0:00,2017,1,30,0,0.347,mg/m³,378,1 Hr
Ulaanbaatar,PM2.5,1/30/17 1:00,2017,1,30,1,0.094,mg/m³,171,1 Hr
Ulaanbaatar,PM2.5,1/30/17 2:00,2017,1,30,2,,mg/m³,,1 Hr
Ulaanbaatar,PM2.5,1/30/17 3:00,2017,1,30,3,0.078,mg/m³,163,1 Hr
Ulaanbaatar,PM2.5,1/30/17 4:00,2017,1,30,4,0.069,mg/m³,158,1 Hr
Ulaanbaatar,PM2.5,1/30/17 5:00,2017,1,30,5,,mg/m³,,1 Hr
Ulaanbaatar,PM2.5,1/30/17 6:00,2017,1,30,6,0.194,mg/m³,244,1 Hr
Ulaanbaatar,PM2.5,1/30/17 7:00,2017,1,30,7,0.27,mg/m³,317,1 Hr
Ulaanbaatar,PM2.5,1/30/17 8:00,2017,1,30,8,,mg/m³,,1 Hr
Ulaanbaatar,PM2.5,1/30/17 9:00,2017,1,30,9,,mg/m³,,1 Hr
Ulaanbaatar,PM2.5,1/30/17 10:00,2017,1,30,10,,mg/m³,,1 Hr
Ulaanbaatar,PM2.5,1/30/17 11:00,2017,1,30,11,0.212,mg/m³,262,1 Hr
Ulaanbaatar,PM2.5,1/30/17 12:00,2017,1,30,12,0.055,mg/m³,149,1 Hr
Ulaanbaatar,PM2.5,1/30/17 13:00,2017,1,30,13,0.054,mg/m³,147,1 Hr
Ulaanbaatar,PM2.5,1/30/17 14:00,2017,1,30,14,0.065,mg/m³,156,1 Hr
Ulaanbaatar,PM2.5,1/30/17 15:00,2017,1,30,15,0.099,mg/m³,173,1 Hr
Ulaanbaatar,PM2.5,1/30/17 16:00,2017,1,30,16,0.065,mg/m³,156,1 Hr
Ulaanbaatar,PM2.5,1/30/17 17:00,2017,1,30,17,0.055,mg/m³,149,1 Hr
Ulaanbaatar,PM2.5,1/30/17 18:00,2017,1,30,18,0.05,mg/m³,137,1 Hr
Ulaanbaatar,PM2.5,1/30/17 19:00,2017,1,30,19,0.134,mg/m³,192,1 Hr
Ulaanbaatar,PM2.5,1/30/17 20:00,2017,1,30,20,0.126,mg/m³,187,1 Hr
Ulaanbaatar,PM2.5,1/30/17 21:00,2017,1,30,21,0.139,mg/m³,194,1 Hr
Ulaanbaatar,PM2.5,1/30/17 22:00,2017,1,30,22,0.24,mg/m³,290,1 Hr
Ulaanbaatar,PM2.5,1/30/17 23:00,2017,1,30,23,0.177,mg/m³,227,1 Hr
Ulaanbaatar,PM2.5,1/31/17 0:00,2017,1,31,0,0.272,mg/m³,318,1 Hr
Ulaanbaatar,PM2.5,1/31/17 1:00,2017,1,31,1,0.249,mg/m³,299,1 Hr
Ulaanbaatar,PM2.5,1/31/17 2:00,2017,1,31,2,0.267,mg/m³,314,1 Hr
Ulaanbaatar,PM2.5,1/31/17 3:00,2017,1,31,3,0.246,mg/m³,296,1 Hr
Ulaanbaatar,PM2.5,1/31/17 4:00,2017,1,31,4,0.245,mg/m³,295,1 Hr
Ulaanbaatar,PM2.5,1/31/17 5:00,2017,1,31,5,0.21,mg/m³,260,1 Hr
Ulaanbaatar,PM2.5,1/31/17 6:00,2017,1,31,6,0.216,mg/m³,266,1 Hr
Ulaanbaatar,PM2.5,1/31/17 7:00,2017,1,31,7,0.189,mg/m³,239,1 Hr
Ulaanbaatar,PM2.5,1/31/17 8:00,2017,1,31,8,,mg/m³,,1 Hr
Ulaanbaatar,PM2.5,1/31/17 9:00,2017,1,31,9,0.276,mg/m³,321,1 Hr
Ulaanbaatar,PM2.5,1/31/17 10:00,2017,1,31,10,,mg/m³,,1 Hr
Ulaanbaatar,PM2.5,1/31/17 11:00,2017,1,31,11,,mg/m³,,1 Hr
Ulaanbaatar,PM2.5,1/31/17 12:00,2017,1,31,12,0.253,mg/m³,303,1 Hr
Ulaanbaatar,PM2.5,1/31/17 13:00,2017,1,31,13,0.231,mg/m³,281,1 Hr
Ulaanbaatar,PM2.5,1/31/17 14:00,2017,1,31,14,0.153,mg/m³,203,1 Hr
Ulaanbaatar,PM2.5,1/31/17 15:00,2017,1,31,15,0.062,mg/m³,154,1 Hr
Ulaanbaatar,PM2.5,1/31/17 16:00,2017,1,31,16,0.044,mg/m³,122,1 Hr
Ulaanbaatar,PM2.5,1/31/17 17:00,2017,1,31,17,0.064,mg/m³,155,1 Hr
Ulaanbaatar,PM2.5,1/31/17 18:00,2017,1,31,18,0.059,mg/m³,153,1 Hr
Ulaanbaatar,PM2.5,1/31/17 19:00,2017,1,31,19,0.036,mg/m³,102,1 Hr
Ulaanbaatar,PM2.5,1/31/17 20:00,2017,1,31,20,0.107,mg/m³,178,1 Hr
Ulaanbaatar,PM2.5,1/31/17 21:00,2017,1,31,21,,mg/m³,,1 Hr
Ulaanbaatar,PM2.5,1/31/17 22:00,2017,1,31,22,,mg/m³,,1 Hr
Ulaanbaatar,PM2.5,1/31/17 23:00,2017,1,31,23,,mg/m³,,1 Hr